id	camera_l	qw	qx	qy	qz	tx	ty	tz
0	traj_0001/img/image_1_919.png	1.000000	-0.000405	-0.000176	0.000075	0.000210	-0.000276	-0.000725
3	traj_0001/img/image_1_922.png	1.000000	-0.000219	-0.000098	0.000016	0.000322	-0.000149	-0.000086
6	traj_0001/img/image_1_925.png	1.000000	-0.000049	0.000032	0.000025	-0.000244	-0.000058	-0.000013
9	traj_0001/img/image_1_928.png	1.000000	-0.000078	0.000033	0.000022	0.000066	-0.000040	0.000544
12	traj_0001/img/image_1_931.png	1.000000	-0.000046	0.000507	-0.000207	0.000576	0.000010	0.000378
15	traj_0001/img/image_1_934.png	1.000000	0.000024	-0.000216	-0.000207	-0.000133	0.000306	0.000107
18	traj_0001/img/image_1_937.png	1.000000	-0.000016	0.000030	0.000053	0.000008	-0.000133	0.000017
21	traj_0001/img/image_1_940.png	1.000000	-0.000005	0.000116	0.000004	0.000501	-0.000221	-0.000337
24	traj_0001/img/image_1_943.png	1.000000	-0.000068	-0.000342	-0.000123	0.000508	0.000270	-0.000834
27	traj_0001/img/image_1_946.png	1.000000	-0.000119	-0.000342	-0.000236	-0.000104	0.000196	-0.001397
30	traj_0001/img/image_1_949.png	0.999999	-0.000038	-0.001035	0.000007	-0.000188	0.001003	-0.001464
33	traj_0001/img/image_1_952.png	0.999999	-0.000780	-0.000592	0.000368	0.001526	0.003714	-0.001507
36	traj_0001/img/image_1_955.png	0.999997	-0.001850	0.001268	0.000111	0.007960	0.011549	0.000936
39	traj_0001/img/image_1_958.png	0.999984	-0.002652	0.005073	-0.000042	0.019177	0.023755	0.008652
42	traj_0001/img/image_1_961.png	0.999980	0.005460	0.003041	-0.000275	0.028354	0.035951	0.018759
45	traj_0001/img/image_1_964.png	0.999594	0.028161	0.003201	0.002896	0.037051	0.051020	0.041720
48	traj_0001/img/image_1_967.png	0.999627	0.026103	0.000597	0.008070	0.043017	0.057968	0.071111
51	traj_0001/img/image_1_970.png	0.999758	0.018654	-0.001665	0.011527	0.046823	0.059574	0.098723
54	traj_0001/img/image_1_973.png	0.999900	-0.000310	-0.010491	0.009461	0.051001	0.052951	0.123898
57	traj_0001/img/image_1_976.png	0.999945	-0.010350	-0.001100	0.001541	0.053953	0.045713	0.140553
60	traj_0001/img/image_1_979.png	0.999960	-0.007897	0.003727	-0.001887	0.052166	0.040492	0.140056
63	traj_0001/img/image_1_982.png	0.999944	0.000623	0.010013	-0.003250	0.049896	0.040850	0.137539
66	traj_0001/img/image_1_985.png	0.999924	0.001498	0.012246	-0.000096	0.046357	0.042190	0.124965
69	traj_0001/img/image_1_988.png	0.999897	-0.001191	0.010207	0.010054	0.047503	0.045692	0.113482
72	traj_0001/img/image_1_991.png	0.999758	-0.009238	0.006313	0.018933	0.053282	0.045541	0.099587
75	traj_0001/img/image_1_994.png	0.999577	-0.014957	-0.000416	0.024948	0.063480	0.042873	0.087808
78	traj_0001/img/image_1_997.png	0.999392	-0.017039	-0.001815	0.030360	0.074908	0.042581	0.079650
81	traj_0001/img/image_1_1000.png	0.999449	-0.008498	-0.001936	0.032018	0.082503	0.044683	0.066699
84	traj_0001/img/image_1_1003.png	0.999427	-0.000127	-0.002354	0.033772	0.094952	0.050347	0.057577
87	traj_0001/img/image_1_1006.png	0.999405	-0.000195	-0.001523	0.034465	0.107121	0.051286	0.045167
90	traj_0001/img/image_1_1009.png	0.999017	-0.003771	-0.001719	0.044133	0.159189	0.068319	0.047144
93	traj_0001/img/image_1_1012.png	0.999135	-0.014279	-0.001863	0.038999	0.181746	0.063774	0.037570
96	traj_0001/img/image_1_1015.png	0.999532	-0.014309	-0.001952	0.026972	0.152275	0.046005	0.029433
99	traj_0001/img/image_1_1018.png	0.999322	-0.014488	-0.001510	0.033815	0.222200	0.066887	0.038673
102	traj_0001/img/image_1_1021.png	0.999773	-0.002854	-0.000875	0.021075	0.177596	0.051037	0.027912
105	traj_0001/img/image_1_1024.png	0.999619	0.001428	0.004430	0.027209	0.327903	0.099621	0.047023
108	traj_0001/img/image_1_1027.png	0.999642	0.000097	0.009254	0.025107	0.291969	0.089224	0.033903
111	traj_0001/img/image_1_1030.png	0.999592	0.000384	0.009867	0.026804	0.314642	0.091762	0.047608
114	traj_0001/img/image_1_1033.png	0.999840	0.000464	0.004654	0.017254	0.259344	0.066825	0.051885
117	traj_0001/img/image_1_1036.png	0.999958	0.000422	0.005217	0.007467	0.271263	0.064440	0.058919
120	traj_0001/img/image_1_1039.png	0.999974	0.001147	0.007001	0.001633	0.292675	0.069177	0.051184
123	traj_0001/img/image_1_1042.png	0.999958	0.003119	0.008648	0.000614	0.308399	0.075531	0.046378
126	traj_0001/img/image_1_1045.png	0.999943	0.005338	0.009203	0.000777	0.434834	0.109511	0.080231
129	traj_0001/img/image_1_1048.png	0.999947	0.010255	0.001246	-0.000120	0.352220	0.089413	0.086619
132	traj_0001/img/image_1_1051.png	0.999785	0.020380	-0.001454	-0.003555	0.371339	0.097146	0.097864
135	traj_0001/img/image_1_1054.png	0.999696	0.023577	-0.003054	-0.006474	0.388088	0.103998	0.090839
138	traj_0001/img/image_1_1057.png	0.999773	0.020405	-0.002107	-0.005709	0.397505	0.107996	0.079064
141	traj_0001/img/image_1_1060.png	0.999914	0.012299	-0.002308	-0.003890	0.425010	0.109226	0.071655
144	traj_0001/img/image_1_1063.png	0.999997	0.000141	-0.001224	-0.002104	0.440566	0.102334	0.064504
147	traj_0001/img/image_1_1066.png	0.999996	0.002013	-0.000734	-0.001834	0.455674	0.095323	0.070056
150	traj_0001/img/image_1_1069.png	0.999878	0.015074	-0.001442	-0.003942	0.460076	0.086887	0.069449
153	traj_0001/img/image_1_1072.png	0.999883	0.014264	-0.001017	-0.005437	0.482996	0.080171	0.059757
156	traj_0001/img/image_1_1075.png	0.999985	0.003740	-0.001185	-0.003950	0.497017	0.070166	0.055883
159	traj_0001/img/image_1_1078.png	0.999993	-0.001127	-0.000093	-0.003673	0.508297	0.059263	0.061122
162	traj_0001/img/image_1_1081.png	0.999984	-0.001610	-0.000174	-0.005443	0.508708	0.048715	0.071870
165	traj_0001/img/image_1_1084.png	0.999969	-0.001027	-0.000332	-0.007742	0.529854	0.042464	0.083604
168	traj_0001/img/image_1_1087.png	0.999975	0.000120	-0.000206	-0.007114	0.540321	0.038952	0.093178
171	traj_0001/img/image_1_1090.png	0.999995	-0.000774	0.000628	-0.003046	0.549960	0.035777	0.111975
174	traj_0001/img/image_1_1093.png	0.999977	-0.006575	0.000386	-0.001344	0.559471	0.026910	0.139537
177	traj_0001/img/image_1_1096.png	0.999985	-0.005391	0.000054	-0.000203	0.557148	0.016761	0.164099
180	traj_0001/img/image_1_1099.png	0.999999	-0.000522	0.000920	0.000025	0.578708	0.006572	0.190646
183	traj_0001/img/image_1_1102.png	0.999999	-0.000453	-0.000292	-0.001005	0.780247	-0.005978	0.272393
186	traj_0001/img/image_1_1105.png	0.999994	-0.002859	0.000154	0.001758	0.809530	-0.019105	0.287674
189	traj_0001/img/image_1_1108.png	0.999964	-0.007879	0.000758	0.002956	0.603559	-0.025862	0.210825
192	traj_0001/img/image_1_1111.png	0.999584	-0.025463	0.000476	0.013518	1.042381	-0.064970	0.351659
195	traj_0001/img/image_1_1114.png	0.999278	-0.027667	0.000218	0.026021	1.063735	-0.112492	0.351753
198	traj_0001/img/image_1_1117.png	0.999649	-0.011847	-0.001657	0.023627	0.647593	-0.106404	0.203772
201	traj_0001/img/image_1_1120.png	0.999516	-0.013242	-0.001748	0.028084	0.651437	-0.136044	0.191019
204	traj_0001/img/image_1_1123.png	0.999268	-0.018342	-0.001292	0.033555	0.652437	-0.170190	0.175419
207	traj_0001/img/image_1_1126.png	0.997913	-0.034262	-0.001781	0.054699	0.857487	-0.273697	0.219052
210	traj_0001/img/image_1_1129.png	0.998393	-0.030923	-0.002312	0.047440	0.634523	-0.271519	0.146531
213	traj_0001/img/image_1_1132.png	0.996767	-0.045085	-0.003840	0.066400	0.819263	-0.417279	0.161309
216	traj_0001/img/image_1_1135.png	0.998091	-0.033408	-0.003740	0.051810	0.590333	-0.375646	0.084306
219	traj_0001/img/image_1_1138.png	0.996474	-0.046360	-0.004322	0.069793	0.749574	-0.534811	0.070141
222	traj_0001/img/image_1_1141.png	0.997801	-0.037489	-0.004510	0.054470	0.530427	-0.445086	0.016367
225	traj_0001/img/image_1_1144.png	0.997649	-0.040790	-0.005090	0.054838	0.501661	-0.462214	-0.003502
228	traj_0001/img/image_1_1147.png	0.996299	-0.053173	-0.008085	0.067042	0.629120	-0.610866	-0.026259
231	traj_0001/img/image_1_1150.png	0.996618	-0.053981	-0.007287	0.061528	0.593720	-0.604356	-0.060749
234	traj_0001/img/image_1_1153.png	0.997206	-0.046041	-0.011135	0.057761	0.582812	-0.584336	-0.093251
237	traj_0001/img/image_1_1156.png	0.998959	-0.015067	-0.010693	0.041701	0.425481	-0.413917	-0.082545
240	traj_0001/img/image_1_1159.png	0.998024	0.002290	-0.027643	0.056388	0.571767	-0.511562	-0.062276
243	traj_0001/img/image_1_1162.png	0.999151	0.001678	-0.018374	0.036844	0.425965	-0.384016	-0.018315
246	traj_0001/img/image_1_1165.png	0.999473	0.001410	-0.013425	0.029506	0.421934	-0.368672	-0.002631
249	traj_0001/img/image_1_1168.png	0.999586	0.010848	-0.010820	0.024360	0.442262	-0.365548	0.010180
252	traj_0001/img/image_1_1171.png	0.999670	0.014264	-0.010086	0.018819	0.458896	-0.356446	0.033203
255	traj_0001/img/image_1_1174.png	0.999795	0.011252	-0.010507	0.013146	0.478334	-0.347805	0.062864
258	traj_0001/img/image_1_1177.png	0.999924	0.005877	-0.007185	0.008174	0.489987	-0.331345	0.085330
261	traj_0001/img/image_1_1180.png	0.999929	0.006533	-0.007401	0.006611	0.524299	-0.324967	0.105966
264	traj_0001/img/image_1_1183.png	0.999834	0.012975	-0.010141	0.007748	0.547529	-0.310288	0.122819
267	traj_0001/img/image_1_1186.png	0.999888	0.006977	-0.008502	0.010184	0.567720	-0.300267	0.141381
270	traj_0001/img/image_1_1189.png	0.999927	-0.000601	-0.005709	0.010644	0.572036	-0.290977	0.157296
273	traj_0001/img/image_1_1192.png	0.999939	0.000674	-0.000828	0.010975	0.597602	-0.296883	0.172787
276	traj_0001/img/image_1_1195.png	0.999934	-0.000053	0.000255	0.011481	0.610796	-0.298405	0.191489
279	traj_0001/img/image_1_1198.png	0.999914	-0.000107	-0.000701	0.013133	0.621867	-0.300541	0.215648
282	traj_0001/img/image_1_1201.png	0.999889	0.001189	0.000019	0.014835	0.631763	-0.306108	0.235146
285	traj_0001/img/image_1_1204.png	0.999874	-0.000751	0.000780	0.015851	0.627512	-0.308903	0.248412
288	traj_0001/img/image_1_1207.png	0.999833	-0.006978	0.000518	0.016854	0.647421	-0.328356	0.266591
291	traj_0001/img/image_1_1210.png	0.999771	-0.013731	0.000356	0.016439	0.651840	-0.345195	0.269164
294	traj_0001/img/image_1_1213.png	0.999721	-0.017363	-0.000148	0.016022	0.657926	-0.364477	0.263232
297	traj_0001/img/image_1_1216.png	0.999719	-0.018005	-0.000800	0.015388	0.652262	-0.375366	0.247416
300	traj_0001/img/image_1_1219.png	0.999714	-0.017638	-0.000102	0.016169	0.672591	-0.396436	0.241033
303	traj_0001/img/image_1_1222.png	0.999713	-0.016810	-0.000721	0.017051	0.678902	-0.408528	0.229323
306	traj_0001/img/image_1_1225.png	0.999711	-0.016304	-0.000970	0.017615	0.684198	-0.419683	0.214999
309	traj_0001/img/image_1_1228.png	0.999673	-0.018327	-0.000943	0.017785	0.675882	-0.421599	0.192116
312	traj_0001/img/image_1_1231.png	0.999621	-0.019891	-0.001752	0.018939	0.695392	-0.437713	0.176364
315	traj_0001/img/image_1_1234.png	0.999668	-0.017198	-0.000864	0.019144	0.699962	-0.445453	0.153351
318	traj_0001/img/image_1_1237.png	0.999638	-0.013338	-0.000519	0.023347	0.704101	-0.449839	0.136901
321	traj_0001/img/image_1_1240.png	0.999503	-0.011690	-0.001314	0.029260	0.690497	-0.447847	0.132005
324	traj_0001/img/image_1_1243.png	0.999418	-0.012181	-0.001750	0.031803	0.699833	-0.472996	0.131182
327	traj_0001/img/image_1_1246.png	0.999476	-0.011936	-0.001074	0.030063	0.693626	-0.492732	0.123043
330	traj_0001/img/image_1_1249.png	0.999504	-0.011702	-0.000390	0.029242	0.689017	-0.510902	0.114810
333	traj_0001/img/image_1_1252.png	0.999429	-0.011273	-0.000628	0.031838	0.670111	-0.516200	0.112853
336	traj_0001/img/image_1_1255.png	0.998806	-0.016893	-0.001493	0.045805	0.910726	-0.723661	0.172986
339	traj_0001/img/image_1_1258.png	0.999392	-0.011741	-0.001471	0.032792	0.661017	-0.574194	0.139549
342	traj_0001/img/image_1_1261.png	0.999055	-0.017939	-0.001519	0.039567	0.864738	-0.778238	0.202486
345	traj_0001/img/image_1_1264.png	0.998740	-0.024304	-0.005569	0.043553	0.852164	-0.804888	0.212332
348	traj_0001/img/image_1_1267.png	0.998812	-0.024879	-0.009133	0.040888	0.626028	-0.638755	0.154908
351	traj_0001/img/image_1_1270.png	0.998638	-0.028987	-0.007898	0.042647	0.602171	-0.664643	0.145874
354	traj_0001/img/image_1_1273.png	0.995863	-0.049356	-0.015126	0.074776	0.969468	-1.120624	0.239781
357	traj_0001/img/image_1_1276.png	0.997326	-0.039691	-0.011605	0.060261	0.695993	-0.940986	0.136600
360	traj_0001/img/image_1_1279.png	0.994975	-0.049138	-0.013502	0.086182	0.813037	-1.192092	0.124737
363	traj_0001/img/image_1_1282.png	0.997710	-0.029896	-0.009510	0.059924	0.410752	-0.743510	0.034217
366	traj_0001/img/image_1_1285.png	0.997537	-0.030543	-0.009652	0.062404	0.350038	-0.732616	0.021130
369	traj_0001/img/image_1_1288.png	0.997405	-0.030847	-0.010217	0.064245	0.301870	-0.745859	0.012111
372	traj_0001/img/image_1_1291.png	0.997669	-0.031872	-0.011027	0.059321	0.248416	-0.740309	-0.000000
375	traj_0001/img/image_1_1294.png	0.997906	-0.031795	-0.011996	0.055028	0.203695	-0.726649	-0.020651
378	traj_0001/img/image_1_1297.png	0.998112	-0.030512	-0.009345	0.052476	0.166528	-0.704733	-0.037153
381	traj_0001/img/image_1_1300.png	0.998423	-0.030780	-0.008946	0.046091	0.135100	-0.665883	-0.041114
384	traj_0001/img/image_1_1303.png	0.998860	-0.028041	-0.008096	0.037774	0.121876	-0.649811	-0.038622
387	traj_0001/img/image_1_1306.png	0.999359	-0.022667	-0.002192	0.027629	0.120104	-0.618303	-0.034465
390	traj_0001/img/image_1_1309.png	0.999637	-0.017724	0.000731	0.020287	0.133421	-0.586059	-0.030546
393	traj_0001/img/image_1_1312.png	0.999684	-0.019431	-0.000668	0.015911	0.153686	-0.543934	-0.020796
396	traj_0001/img/image_1_1315.png	0.999531	-0.022758	-0.001082	0.020444	0.257692	-0.691325	-0.006098
399	traj_0001/img/image_1_1318.png	0.999893	-0.004395	-0.000696	0.013953	0.219549	-0.469767	0.016486
402	traj_0001/img/image_1_1321.png	0.999933	0.005812	-0.002887	0.009604	0.352988	-0.597759	0.083241
405	traj_0001/img/image_1_1324.png	0.999986	0.003877	-0.003008	-0.002109	0.305625	-0.415200	0.101883
408	traj_0001/img/image_1_1327.png	0.999964	0.007166	-0.002073	-0.004099	0.467332	-0.498808	0.177967
411	traj_0001/img/image_1_1330.png	0.999821	0.018718	-0.001749	-0.002231	0.536191	-0.442464	0.253187
414	traj_0001/img/image_1_1333.png	0.999820	0.018857	0.000853	0.001666	0.606525	-0.393939	0.352486
417	traj_0001/img/image_1_1336.png	0.999824	0.016895	0.000091	0.008145	0.649955	-0.341029	0.443470
420	traj_0001/img/image_1_1339.png	0.999895	0.009594	-0.000207	0.010835	0.695947	-0.310990	0.517603
423	traj_0001/img/image_1_1342.png	0.999960	0.001911	-0.002842	0.008238	0.749415	-0.300122	0.587993
426	traj_0001/img/image_1_1345.png	0.999976	-0.000013	-0.005919	0.003472	0.576924	-0.215518	0.471528
429	traj_0001/img/image_1_1348.png	0.999981	0.000409	-0.005758	0.002098	0.616150	-0.213983	0.506433
432	traj_0001/img/image_1_1351.png	0.999976	0.000521	-0.006921	0.000686	0.643876	-0.207048	0.522150
435	traj_0001/img/image_1_1354.png	0.999975	0.001354	-0.006954	-0.000864	0.672409	-0.198374	0.525008
438	traj_0001/img/image_1_1357.png	0.999986	0.001206	-0.004952	-0.001691	0.685846	-0.183388	0.512117
441	traj_0001/img/image_1_1360.png	0.999980	0.000274	-0.006123	-0.001484	0.723952	-0.174807	0.521665
444	traj_0001/img/image_1_1363.png	0.999993	0.000181	-0.003495	-0.001434	0.747465	-0.163964	0.514549
447	traj_0001/img/image_1_1366.png	0.999999	-0.001195	-0.000222	-0.000417	0.767960	-0.153955	0.504016
450	traj_0001/img/image_1_1369.png	0.999971	-0.005305	-0.001630	0.005276	0.769753	-0.144096	0.490374
453	traj_0001/img/image_1_1372.png	0.999788	-0.011028	-0.001936	0.017284	0.800095	-0.151341	0.500263
456	traj_0001/img/image_1_1375.png	0.999369	-0.012378	-0.001203	0.033256	0.808469	-0.176952	0.503181
459	traj_0001/img/image_1_1378.png	0.999251	-0.013049	-0.001549	0.036394	0.808410	-0.232131	0.507957
462	traj_0001/img/image_1_1381.png	0.999174	-0.018120	-0.001544	0.036332	1.063132	-0.384032	0.669255
465	traj_0001/img/image_1_1384.png	0.999491	-0.021228	0.000467	0.023826	1.059943	-0.462106	0.650825
468	traj_0001/img/image_1_1387.png	0.999713	-0.021572	-0.001052	0.010400	0.803535	-0.391702	0.472097
471	traj_0001/img/image_1_1390.png	0.999691	-0.023240	-0.001177	0.008746	0.811555	-0.408248	0.445835
474	traj_0001/img/image_1_1393.png	0.999093	-0.037748	-0.006272	0.018668	1.087632	-0.547120	0.565883
477	traj_0001/img/image_1_1396.png	0.998598	-0.044501	-0.011206	0.026366	1.111949	-0.585132	0.536749
480	traj_0001/img/image_1_1399.png	0.997529	-0.058220	-0.012509	0.037292	1.382567	-0.759963	0.605184
483	traj_0001/img/image_1_1402.png	0.994584	-0.084214	-0.020810	0.057248	1.933977	-1.088363	0.738880
486	traj_0001/img/image_1_1405.png	0.997990	-0.050893	-0.012596	0.035593	1.078333	-0.678411	0.312854
489	traj_0001/img/image_1_1408.png	0.998815	-0.036931	-0.010502	0.029907	0.805563	-0.523319	0.202270
492	traj_0001/img/image_1_1411.png	0.998822	-0.034324	-0.009893	0.032846	0.797336	-0.521143	0.188884
495	traj_0001/img/image_1_1414.png	0.997996	-0.043239	-0.012496	0.044466	1.043856	-0.671207	0.254614
498	traj_0001/img/image_1_1417.png	0.999085	-0.028718	-0.008663	0.030474	0.777623	-0.515641	0.185362
501	traj_0001/img/image_1_1420.png	0.998328	-0.029612	-0.012354	0.048085	1.562455	-0.934034	0.416212
504	traj_0001/img/image_1_1423.png	0.999728	-0.013032	-0.006886	0.018076	0.794242	-0.465204	0.218244
507	traj_0001/img/image_1_1426.png	0.999078	-0.025516	-0.013245	0.031872	1.077489	-0.563667	0.312829
510	traj_0001/img/image_1_1429.png	0.999241	-0.019620	-0.010498	0.031958	0.829683	-0.416698	0.248888
513	traj_0001/img/image_1_1432.png	0.998621	-0.017836	-0.016254	0.046615	1.115248	-0.538075	0.374313
516	traj_0001/img/image_1_1435.png	0.998785	-0.015044	-0.014711	0.044567	1.146454	-0.562078	0.414934
519	traj_0001/img/image_1_1438.png	0.998846	-0.017878	-0.017121	0.041169	1.146717	-0.570116	0.430038
522	traj_0001/img/image_1_1441.png	0.999061	-0.021943	-0.019030	0.032135	0.882825	-0.454598	0.326918
525	traj_0001/img/image_1_1444.png	0.998044	-0.037580	-0.028100	0.041298	1.190696	-0.613427	0.434468
528	traj_0001/img/image_1_1447.png	0.998806	-0.030918	-0.022153	0.030659	0.916108	-0.501766	0.296760
531	traj_0001/img/image_1_1450.png	0.998499	-0.035773	-0.023998	0.033814	0.927798	-0.520852	0.275630
534	traj_0001/img/image_1_1453.png	0.995718	-0.060583	-0.038899	0.057986	1.563125	-0.872910	0.452818
537	traj_0001/img/image_1_1456.png	0.997230	-0.046192	-0.030779	0.049506	1.238683	-0.758556	0.292400
540	traj_0001/img/image_1_1459.png	0.996619	-0.047422	-0.033851	0.057933	1.225811	-0.796572	0.274108
543	traj_0001/img/image_1_1462.png	0.997890	-0.036086	-0.027146	0.046646	0.900853	-0.654835	0.178432
546	traj_0001/img/image_1_1465.png	0.994286	-0.055134	-0.045724	0.079148	1.468241	-1.101731	0.323861
549	traj_0001/img/image_1_1468.png	0.998143	-0.025590	-0.029545	0.046724	0.828352	-0.733160	0.158121
552	traj_0001/img/image_1_1471.png	0.997230	-0.030518	-0.035496	0.057798	1.055448	-0.984694	0.225297
555	traj_0001/img/image_1_1474.png	0.998607	-0.021356	-0.026097	0.040573	0.756865	-0.777287	0.162941
558	traj_0001/img/image_1_1477.png	0.999039	-0.016604	-0.022361	0.033830	0.735013	-0.788523	0.170472
561	traj_0001/img/image_1_1480.png	0.999464	-0.010833	-0.017129	0.025726	0.707028	-0.775304	0.176536
564	traj_0001/img/image_1_1483.png	0.999669	-0.008069	-0.013906	0.020065	0.720423	-0.782872	0.196613
567	traj_0001/img/image_1_1486.png	0.999802	-0.004596	-0.010089	0.016545	0.727620	-0.767507	0.213849
570	traj_0001/img/image_1_1489.png	0.999802	-0.008531	-0.007567	0.016278	0.737359	-0.748969	0.232710
573	traj_0001/img/image_1_1492.png	0.999783	-0.010426	-0.007919	0.016201	0.731392	-0.717480	0.242840
576	traj_0001/img/image_1_1495.png	0.999735	-0.012330	-0.007203	0.018073	0.755530	-0.717825	0.257487
579	traj_0001/img/image_1_1498.png	0.999361	-0.019237	-0.007682	0.029113	1.027176	-0.938881	0.359259
582	traj_0001/img/image_1_1501.png	0.999549	-0.014481	-0.006756	0.025420	0.746896	-0.689010	0.267944
585	traj_0001/img/image_1_1504.png	0.999296	-0.019797	-0.007562	0.030963	1.021263	-0.937856	0.380146
588	traj_0001/img/image_1_1507.png	0.999663	-0.015094	-0.006184	0.020174	0.742820	-0.694921	0.275750
591	traj_0001/img/image_1_1510.png	0.999704	-0.015549	-0.004800	0.018059	0.759607	-0.704166	0.275663
594	traj_0001/img/image_1_1513.png	0.999735	-0.015994	-0.003711	0.016157	0.766000	-0.696149	0.273640
597	traj_0001/img/image_1_1516.png	0.999254	-0.026221	-0.005082	0.027897	1.302992	-1.111564	0.458704
600	traj_0001/img/image_1_1519.png	0.999046	-0.022170	-0.005010	0.037293	1.324579	-1.079599	0.464038
603	traj_0001/img/image_1_1522.png	0.999256	-0.017380	-0.002763	0.034311	1.047885	-0.861156	0.378929
606	traj_0001/img/image_1_1525.png	0.999313	-0.014869	-0.007831	0.033022	1.044060	-0.865281	0.404700
609	traj_0001/img/image_1_1528.png	0.999571	-0.009047	-0.008878	0.026405	0.787112	-0.664909	0.313621
612	traj_0001/img/image_1_1531.png	0.998779	-0.013282	-0.020632	0.042888	1.060461	-0.889645	0.436518
615	traj_0001/img/image_1_1534.png	0.998393	-0.019774	-0.025821	0.046400	1.032707	-0.908735	0.420069
618	traj_0001/img/image_1_1537.png	0.998126	-0.031780	-0.029210	0.043375	1.008838	-0.951808	0.407720
621	traj_0001/img/image_1_1540.png	0.997877	-0.041513	-0.029319	0.040726	1.000642	-1.005446	0.362931
624	traj_0001/img/image_1_1543.png	0.998723	-0.032407	-0.022365	0.031651	0.709641	-0.761410	0.207113
627	traj_0001/img/image_1_1546.png	0.998715	-0.028486	-0.021416	0.036026	0.702180	-0.783972	0.172932
630	traj_0001/img/image_1_1549.png	0.998764	-0.027734	-0.018184	0.037010	0.669261	-0.789884	0.146408
633	traj_0001/img/image_1_1552.png	0.998776	-0.027506	-0.015847	0.037943	0.634563	-0.792616	0.123763
636	traj_0001/img/image_1_1555.png	0.998865	-0.025599	-0.013784	0.037716	0.587342	-0.775992	0.100053
639	traj_0001/img/image_1_1558.png	0.998901	-0.024530	-0.011088	0.038356	0.563731	-0.786077	0.084689
642	traj_0001/img/image_1_1561.png	0.998871	-0.022081	-0.010301	0.040771	0.529566	-0.776284	0.070890
645	traj_0001/img/image_1_1564.png	0.998703	-0.020775	-0.011628	0.045004	0.493599	-0.763091	0.071252
648	traj_0001/img/image_1_1567.png	0.998688	-0.021391	-0.011076	0.045194	0.442891	-0.736709	0.076201
651	traj_0001/img/image_1_1570.png	0.998722	-0.023440	-0.011640	0.043244	0.414846	-0.738660	0.083103
654	traj_0001/img/image_1_1573.png	0.998953	-0.023267	-0.011595	0.037657	0.384517	-0.722012	0.078414
657	traj_0001/img/image_1_1576.png	0.999236	-0.020615	-0.009002	0.031954	0.365769	-0.699994	0.067848
660	traj_0001/img/image_1_1579.png	0.998300	-0.030331	-0.012567	0.048166	0.610505	-1.085610	0.114050
663	traj_0001/img/image_1_1582.png	0.999150	-0.021008	-0.006547	0.034856	0.345817	-0.609461	0.060727
666	traj_0001/img/image_1_1585.png	0.998772	-0.024682	-0.007337	0.042335	0.346151	-0.595869	0.073026
669	traj_0001/img/image_1_1588.png	0.997358	-0.036414	-0.011070	0.061881	0.456021	-0.758169	0.130507
672	traj_0001/img/image_1_1591.png	0.998496	-0.026999	-0.008598	0.046943	0.310960	-0.540373	0.109767
675	traj_0001/img/image_1_1594.png	0.998426	-0.027469	-0.009063	0.048048	0.309927	-0.537129	0.130260
678	traj_0001/img/image_1_1597.png	0.998666	-0.025322	-0.008511	0.044199	0.305583	-0.525612	0.145866
681	traj_0001/img/image_1_1600.png	0.998870	-0.022571	-0.006592	0.041305	0.306655	-0.512060	0.159204
684	traj_0001/img/image_1_1603.png	0.998955	-0.022317	-0.006939	0.039287	0.307084	-0.489236	0.170997
687	traj_0001/img/image_1_1606.png	0.998924	-0.024433	-0.006384	0.038888	0.326625	-0.489902	0.189752
690	traj_0001/img/image_1_1609.png	0.998972	-0.025269	-0.007266	0.036915	0.339603	-0.482929	0.201699
693	traj_0001/img/image_1_1612.png	0.998985	-0.027351	-0.008197	0.034833	0.357036	-0.478483	0.214190
696	traj_0001/img/image_1_1615.png	0.998886	-0.031044	-0.010347	0.033991	0.367918	-0.466681	0.217506
699	traj_0001/img/image_1_1618.png	0.998477	-0.038317	-0.013442	0.037338	0.394278	-0.475854	0.229880
702	traj_0001/img/image_1_1621.png	0.998195	-0.044979	-0.014642	0.037016	0.410256	-0.481495	0.235212
705	traj_0001/img/image_1_1624.png	0.998371	-0.047737	-0.015877	0.026913	0.425468	-0.489336	0.231351
708	traj_0001/img/image_1_1627.png	0.999066	-0.039434	-0.012125	0.012848	0.440099	-0.477737	0.207024
711	traj_0001/img/image_1_1630.png	0.999884	-0.014747	-0.003613	0.000859	0.484835	-0.463899	0.202600
714	traj_0001/img/image_1_1633.png	0.999954	0.008774	0.000131	-0.003843	0.529000	-0.419045	0.225739
717	traj_0001/img/image_1_1636.png	0.999881	0.012112	-0.000874	-0.009475	0.767065	-0.472162	0.356189
720	traj_0001/img/image_1_1639.png	0.999529	0.029488	0.000023	-0.008516	0.634386	-0.285766	0.305339
723	traj_0001/img/image_1_1642.png	0.999512	0.029752	-0.000220	-0.009541	0.677156	-0.218495	0.340928
726	traj_0001/img/image_1_1645.png	0.999634	0.024375	-0.001325	-0.011668	0.717139	-0.153095	0.361732
729	traj_0001/img/image_1_1648.png	0.999211	0.035064	-0.001602	-0.018584	1.003907	-0.113846	0.493194
732	traj_0001/img/image_1_1651.png	0.999458	0.029714	-0.001868	-0.014050	0.799697	-0.002535	0.392985
735	traj_0001/img/image_1_1654.png	0.999221	0.033848	0.001394	-0.020257	0.812434	0.059575	0.395332
738	traj_0001/img/image_1_1657.png	0.998937	0.037109	0.002083	-0.027259	0.853181	0.133104	0.407147
741	traj_0001/img/image_1_1660.png	0.998780	0.039609	0.000292	-0.029475	0.868829	0.217122	0.397930
744	traj_0001/img/image_1_1663.png	0.996796	0.066029	-0.001670	-0.045119	1.469325	0.497665	0.632472
747	traj_0001/img/image_1_1666.png	0.998878	0.041196	-0.002455	-0.023241	0.884429	0.418061	0.346974
750	traj_0001/img/image_1_1669.png	0.996718	0.070674	-0.005653	-0.039070	1.485231	0.771414	0.558980
753	traj_0001/img/image_1_1672.png	0.996337	0.071221	-0.009693	-0.046330	1.462201	0.873281	0.494059
756	traj_0001/img/image_1_1675.png	0.995525	0.073240	-0.011561	-0.058587	1.455741	0.975157	0.432310
759	traj_0001/img/image_1_1678.png	0.996277	0.062798	-0.013632	-0.057470	1.128534	0.869095	0.270899
762	traj_0001/img/image_1_1681.png	0.994736	0.081342	-0.025422	-0.056906	1.335553	1.127703	0.282900
765	traj_0001/img/image_1_1684.png	0.998630	0.038419	-0.018930	-0.030067	0.749456	0.688723	0.108883
768	traj_0001/img/image_1_1687.png	0.998831	0.030979	-0.023550	-0.028693	0.750978	0.688712	0.106219
771	traj_0001/img/image_1_1690.png	0.999047	0.024461	-0.022564	-0.028237	0.737495	0.667257	0.105741
774	traj_0001/img/image_1_1693.png	0.998973	0.023362	-0.023391	-0.030997	0.725665	0.642834	0.116285
777	traj_0001/img/image_1_1696.png	0.996967	0.038483	-0.031739	-0.059744	1.186543	0.993250	0.234202
780	traj_0001/img/image_1_1699.png	0.998330	0.013311	-0.025012	-0.050350	0.897450	0.773684	0.194807
783	traj_0001/img/image_1_1702.png	0.998421	-0.005234	-0.017053	-0.053272	0.866271	0.751748	0.226439
786	traj_0001/img/image_1_1705.png	0.998586	-0.004330	-0.017443	-0.050035	0.849225	0.751773	0.289922
789	traj_0001/img/image_1_1708.png	0.998871	0.013583	-0.009532	-0.044507	0.817548	0.731989	0.333435
792	traj_0001/img/image_1_1711.png	0.999400	0.011915	-0.006443	-0.031868	0.604259	0.559804	0.263926
795	traj_0001/img/image_1_1714.png	0.998539	0.031550	-0.014412	-0.041443	1.004014	0.899790	0.481108
798	traj_0001/img/image_1_1717.png	0.999423	0.025920	-0.008375	-0.020279	0.601612	0.543163	0.300054
801	traj_0001/img/image_1_1720.png	0.999455	0.023891	-0.009085	-0.020877	0.597602	0.518478	0.308160
804	traj_0001/img/image_1_1723.png	0.998730	0.032035	-0.012578	-0.036792	0.833420	0.679757	0.441601
807	traj_0001/img/image_1_1726.png	0.999253	0.021694	-0.010659	-0.030165	0.607470	0.500270	0.317855
810	traj_0001/img/image_1_1729.png	0.999210	0.017358	-0.012255	-0.033592	0.620974	0.507529	0.327281
813	traj_0001/img/image_1_1732.png	0.999003	0.019299	-0.011718	-0.038518	0.619208	0.507259	0.331117
816	traj_0001/img/image_1_1735.png	0.998915	0.019161	-0.008701	-0.041546	0.611142	0.515920	0.323094
819	traj_0001/img/image_1_1738.png	0.999040	0.017269	-0.009893	-0.039021	0.589700	0.517584	0.311882
822	traj_0001/img/image_1_1741.png	0.998537	0.020378	-0.013026	-0.048361	0.804926	0.706654	0.424256
825	traj_0001/img/image_1_1744.png	0.999102	0.017906	-0.014812	-0.035417	0.787419	0.704889	0.416989
828	traj_0001/img/image_1_1747.png	0.999684	0.013627	-0.009804	-0.018730	0.602436	0.534266	0.322172
831	traj_0001/img/image_1_1750.png	0.999758	0.012017	-0.011556	-0.014369	0.616701	0.518235	0.338071
834	traj_0001/img/image_1_1753.png	0.999827	0.003308	-0.009836	-0.015442	0.621457	0.485562	0.346070
837	traj_0001/img/image_1_1756.png	0.999490	0.001019	-0.008444	-0.030768	0.876995	0.621019	0.510232
840	traj_0001/img/image_1_1759.png	0.999590	0.006315	-0.006922	-0.027068	0.659927	0.455822	0.401261
843	traj_0001/img/image_1_1762.png	0.999528	0.011063	-0.008078	-0.027505	0.651999	0.449058	0.404440
846	traj_0001/img/image_1_1765.png	0.998933	0.023041	-0.010917	-0.038511	0.899530	0.615355	0.570308
849	traj_0001/img/image_1_1768.png	0.998754	0.025275	-0.008342	-0.042207	0.889840	0.625661	0.565326
852	traj_0001/img/image_1_1771.png	0.999345	0.018860	-0.005875	-0.030315	0.666954	0.503257	0.420012
855	traj_0001/img/image_1_1774.png	0.999450	0.015681	-0.004917	-0.028798	0.664944	0.516096	0.412318
858	traj_0001/img/image_1_1777.png	0.999474	0.014041	-0.006542	-0.028496	0.650023	0.514245	0.400214
861	traj_0001/img/image_1_1780.png	0.998486	0.025307	-0.009572	-0.047889	1.105680	0.864384	0.669028
864	traj_0001/img/image_1_1783.png	0.999491	0.015912	-0.007372	-0.026646	0.655075	0.549967	0.390839
867	traj_0001/img/image_1_1786.png	0.999106	0.024553	-0.010848	-0.032659	0.871930	0.724378	0.512741
870	traj_0001/img/image_1_1789.png	0.998382	0.033719	-0.010456	-0.044576	1.110710	0.905549	0.622262
873	traj_0001/img/image_1_1792.png	0.999378	0.021773	-0.006334	-0.027025	0.662254	0.570752	0.345538
876	traj_0001/img/image_1_1795.png	0.999362	0.022238	-0.004706	-0.027535	0.663367	0.576312	0.329070
879	traj_0001/img/image_1_1798.png	0.998837	0.034449	-0.004146	-0.033477	0.881735	0.757248	0.418838
882	traj_0001/img/image_1_1801.png	0.998423	0.047305	-0.006002	-0.029616	1.123153	0.943566	0.510062
885	traj_0001/img/image_1_1804.png	0.999078	0.037609	-0.005792	-0.019876	0.911461	0.737431	0.376807
888	traj_0001/img/image_1_1807.png	0.999214	0.028908	-0.009415	-0.025445	0.954005	0.712130	0.366695
891	traj_0001/img/image_1_1810.png	0.999626	0.019177	-0.006694	-0.018328	0.710069	0.507020	0.262210
894	traj_0001/img/image_1_1813.png	0.999154	0.032068	-0.008064	-0.024463	0.995832	0.653907	0.380227
897	traj_0001/img/image_1_1816.png	0.999530	0.020730	-0.006232	-0.021685	0.757799	0.474782	0.277485
900	traj_0001/img/image_1_1819.png	0.999698	0.007485	-0.006895	-0.022349	0.755164	0.452243	0.268960
903	traj_0001/img/image_1_1822.png	0.999696	-0.000148	-0.007181	-0.023580	0.783661	0.444904	0.288053
906	traj_0001/img/image_1_1825.png	0.999267	0.000521	-0.014043	-0.035610	1.055498	0.556036	0.422069
909	traj_0001/img/image_1_1828.png	0.998507	0.026422	-0.009966	-0.046758	1.091942	0.555417	0.456766
912	traj_0001/img/image_1_1831.png	0.998851	0.027436	-0.005049	-0.038963	0.799645	0.443771	0.320102
915	traj_0001/img/image_1_1834.png	0.998826	0.026816	-0.005990	-0.039898	0.813118	0.487010	0.309757
918	traj_0001/img/image_1_1837.png	0.998874	0.026780	-0.005489	-0.038777	0.811285	0.520218	0.295297
921	traj_0001/img/image_1_1840.png	0.998925	0.027420	-0.007531	-0.036600	0.809918	0.550228	0.287630
924	traj_0001/img/image_1_1843.png	0.998042	0.035658	-0.008068	-0.050740	1.078772	0.749312	0.373512
927	traj_0001/img/image_1_1846.png	0.998902	0.027210	-0.006285	-0.037610	0.805513	0.611947	0.258863
930	traj_0001/img/image_1_1849.png	0.999138	0.027097	-0.008980	-0.030127	0.800576	0.637816	0.258090
933	traj_0001/img/image_1_1852.png	0.998729	0.034278	-0.015494	-0.033538	1.072361	0.846213	0.366219
936	traj_0001/img/image_1_1855.png	0.999334	0.025253	-0.011249	-0.023831	0.821584	0.654555	0.281938
939	traj_0001/img/image_1_1858.png	0.999252	0.025457	-0.013425	-0.025821	0.816147	0.643314	0.286662
942	traj_0001/img/image_1_1861.png	0.998792	0.030892	-0.016896	-0.034275	0.840608	0.660609	0.292455
945	traj_0001/img/image_1_1864.png	0.996914	0.044045	-0.025781	-0.059656	1.130604	0.899717	0.380086
948	traj_0001/img/image_1_1867.png	0.996517	0.041116	-0.030430	-0.065853	1.080833	0.950264	0.334969
951	traj_0001/img/image_1_1870.png	0.996122	0.041600	-0.024922	-0.073408	1.029019	1.017341	0.286267
954	traj_0001/img/image_1_1873.png	0.997625	0.035156	-0.015790	-0.057086	0.712716	0.834157	0.170879
957	traj_0001/img/image_1_1876.png	0.996260	0.051739	-0.019588	-0.066370	0.878763	1.138652	0.198711
960	traj_0001/img/image_1_1879.png	0.998288	0.036424	-0.016792	-0.042567	0.600195	0.895579	0.107544
963	traj_0001/img/image_1_1882.png	0.998393	0.035152	-0.016197	-0.041395	0.567208	0.896435	0.091361
966	traj_0001/img/image_1_1885.png	0.998331	0.036030	-0.014618	-0.042693	0.537919	0.891298	0.077520
969	traj_0001/img/image_1_1888.png	0.998442	0.034850	-0.016067	-0.040515	0.495343	0.867094	0.057961
972	traj_0001/img/image_1_1891.png	0.998131	0.042180	-0.015297	-0.041488	0.476733	0.870482	0.045472
975	traj_0001/img/image_1_1894.png	0.996800	0.049996	-0.017528	-0.059861	0.611848	1.120620	0.047554
978	traj_0001/img/image_1_1897.png	0.996850	0.044568	-0.018446	-0.062953	0.551685	1.062952	0.025261
981	traj_0001/img/image_1_1900.png	0.998625	0.027352	-0.015684	-0.041871	0.370508	0.785320	0.002530
984	traj_0001/img/image_1_1903.png	0.998725	0.024346	-0.013009	-0.042261	0.470400	0.986918	0.023001
987	traj_0001/img/image_1_1906.png	0.999646	0.007588	-0.005342	-0.024922	0.346702	0.712727	0.042590
990	traj_0001/img/image_1_1909.png	0.999525	0.011826	0.000227	-0.028469	0.481238	0.886869	0.116886
993	traj_0001/img/image_1_1912.png	0.999540	0.020645	-0.000771	-0.022225	0.510342	0.838351	0.168109
996	traj_0001/img/image_1_1915.png	0.999705	0.021487	-0.002660	-0.010992	0.411738	0.607160	0.150044
999	traj_0001/img/image_1_1918.png	0.999702	0.022469	-0.006130	-0.007336	0.443597	0.575982	0.171264
1002	traj_0001/img/image_1_1921.png	0.999479	0.027292	-0.014176	-0.009836	0.640068	0.703723	0.262359
1005	traj_0001/img/image_1_1924.png	0.999607	0.021699	-0.011826	-0.013202	0.523951	0.497027	0.209467
1008	traj_0001/img/image_1_1927.png	0.999488	0.019681	-0.017672	-0.017996	0.733337	0.613370	0.294193
1011	traj_0001/img/image_1_1930.png	0.999200	0.010492	-0.028910	-0.025576	0.982862	0.696913	0.420336
1014	traj_0001/img/image_1_1933.png	0.998512	-0.004486	-0.030462	-0.044999	1.262500	0.739853	0.577066
1017	traj_0001/img/image_1_1936.png	0.999259	0.005329	-0.015974	-0.034624	0.861768	0.471149	0.406406
1020	traj_0001/img/image_1_1939.png	0.999477	0.000064	-0.015140	-0.028585	0.887453	0.478989	0.438994
1023	traj_0001/img/image_1_1942.png	0.999811	-0.000532	-0.009439	-0.016994	0.659128	0.348715	0.342365
1026	traj_0001/img/image_1_1945.png	0.999848	-0.001477	-0.005875	-0.016367	0.696363	0.352714	0.380129
1029	traj_0001/img/image_1_1948.png	0.999733	-0.007276	-0.006566	-0.020948	0.901789	0.430021	0.526293
1032	traj_0001/img/image_1_1951.png	0.999627	-0.012312	-0.008798	-0.022744	0.944174	0.425574	0.592621
1035	traj_0001/img/image_1_1954.png	0.999655	0.007085	-0.002584	-0.025156	0.943074	0.409002	0.630820
1038	traj_0001/img/image_1_1957.png	0.999279	0.027563	0.001511	-0.026078	0.715924	0.328999	0.492599
1041	traj_0001/img/image_1_1960.png	0.999140	0.028147	-0.000450	-0.030429	0.712165	0.366784	0.488572
1044	traj_0001/img/image_1_1963.png	0.999032	0.026190	0.000712	-0.035329	0.691083	0.398780	0.463181
1047	traj_0001/img/image_1_1966.png	0.999040	0.025644	0.000387	-0.035526	0.691802	0.448757	0.451028
1050	traj_0001/img/image_1_1969.png	0.998689	0.031537	-0.003120	-0.040202	0.911145	0.641468	0.587706
1053	traj_0001/img/image_1_1972.png	0.998648	0.027486	-0.001904	-0.044081	0.883743	0.668355	0.565730
1056	traj_0001/img/image_1_1975.png	0.999000	0.018948	-0.002513	-0.040426	0.652494	0.539765	0.405238
1059	traj_0001/img/image_1_1978.png	0.997895	0.032392	-0.003004	-0.056100	0.846236	0.741060	0.512641
1062	traj_0001/img/image_1_1981.png	0.998619	0.027886	-0.003782	-0.044367	0.611936	0.608089	0.356609
1065	traj_0001/img/image_1_1984.png	0.998634	0.029945	-0.006049	-0.042398	0.576712	0.625102	0.318487
1068	traj_0001/img/image_1_1987.png	0.998491	0.034833	-0.006118	-0.042009	0.569443	0.661034	0.296213
1071	traj_0001/img/image_1_1990.png	0.997253	0.052418	-0.009024	-0.051543	0.745954	0.899201	0.367530
1074	traj_0001/img/image_1_1993.png	0.997215	0.056393	-0.006357	-0.048398	0.709370	0.901838	0.304885
1077	traj_0001/img/image_1_1996.png	0.998636	0.041741	-0.008128	-0.030281	0.517878	0.692756	0.183558
1080	traj_0001/img/image_1_1999.png	0.997899	0.054245	-0.012544	-0.033129	0.692115	0.882256	0.229873
1083	traj_0001/img/image_1_2002.png	0.999003	0.035895	-0.009649	-0.024735	0.527222	0.644287	0.146669
1086	traj_0001/img/image_1_2005.png	0.998571	0.037698	-0.014770	-0.034877	0.715727	0.796195	0.189070
1089	traj_0001/img/image_1_2008.png	0.999282	0.025283	-0.012809	-0.025143	0.551509	0.576668	0.137832
1092	traj_0001/img/image_1_2011.png	0.999353	0.024919	-0.012277	-0.022833	0.563790	0.547936	0.146804
1095	traj_0001/img/image_1_2014.png	0.998667	0.032752	-0.013841	-0.037418	0.775540	0.666355	0.218931
1098	traj_0001/img/image_1_2017.png	0.999017	0.025057	-0.012199	-0.034464	0.599724	0.485758	0.170887
1101	traj_0001/img/image_1_2020.png	0.998376	0.030284	-0.016697	-0.045261	0.810046	0.613950	0.245112
1104	traj_0001/img/image_1_2023.png	0.999037	0.022372	-0.016857	-0.033759	0.622247	0.462289	0.201224
1107	traj_0001/img/image_1_2026.png	0.998859	0.029181	-0.015438	-0.034518	0.634472	0.455337	0.218919
1110	traj_0001/img/image_1_2029.png	0.996182	0.055714	-0.026639	-0.061710	1.093532	0.718221	0.423925
1113	traj_0001/img/image_1_2032.png	0.996234	0.053684	-0.024129	-0.063665	1.111267	0.723682	0.421261
1116	traj_0001/img/image_1_2035.png	0.999130	0.015752	-0.022067	-0.031698	0.922969	0.623355	0.343975
1119	traj_0001/img/image_1_2038.png	0.999794	-0.013861	-0.014120	-0.004440	0.950542	0.589093	0.382277
1122	traj_0001/img/image_1_2041.png	0.999508	-0.025960	-0.007155	0.016064	0.765324	0.390778	0.338756
1125	traj_0001/img/image_1_2044.png	0.998656	-0.042080	-0.005476	0.029768	0.812856	0.306860	0.380989
1128	traj_0001/img/image_1_2047.png	0.998129	-0.049586	-0.004877	0.035429	0.843479	0.186109	0.407535
1131	traj_0001/img/image_1_2050.png	0.997574	-0.057600	-0.005249	0.038742	0.898414	0.058570	0.431982
1134	traj_0001/img/image_1_2053.png	0.997111	-0.065439	-0.003553	0.038399	0.923588	-0.081332	0.428204
1137	traj_0001/img/image_1_2056.png	0.996703	-0.070975	-0.002145	0.039245	0.935031	-0.215055	0.416147
1140	traj_0001/img/image_1_2059.png	0.996108	-0.076067	-0.006810	0.044011	0.933798	-0.339834	0.398991
1143	traj_0001/img/image_1_2062.png	0.995790	-0.078510	-0.011104	0.045999	0.902009	-0.450918	0.352755
1146	traj_0001/img/image_1_2065.png	0.995692	-0.077212	-0.014226	0.049325	0.896453	-0.562415	0.301033
1149	traj_0001/img/image_1_2068.png	0.995809	-0.073547	-0.017731	0.051394	0.862832	-0.645720	0.231150
1152	traj_0001/img/image_1_2071.png	0.995873	-0.073161	-0.016397	0.051145	0.819756	-0.707290	0.153011
1155	traj_0001/img/image_1_2074.png	0.996444	-0.067073	-0.016082	0.048388	0.753987	-0.726873	0.071349
1158	traj_0001/img/image_1_2077.png	0.996734	-0.060721	-0.021262	0.048818	0.722927	-0.748606	0.009168
1161	traj_0001/img/image_1_2080.png	0.997221	-0.051780	-0.021550	0.049040	0.682642	-0.742309	-0.042844
1164	traj_0001/img/image_1_2083.png	0.997391	-0.044745	-0.024361	0.051143	0.642334	-0.725758	-0.073345
1167	traj_0001/img/image_1_2086.png	0.997486	-0.037550	-0.026531	0.053920	0.585323	-0.690315	-0.085012
1170	traj_0001/img/image_1_2089.png	0.997287	-0.031952	-0.033174	0.057419	0.553150	-0.683722	-0.084234
1173	traj_0001/img/image_1_2092.png	0.997104	-0.030963	-0.037611	0.058395	0.506446	-0.666663	-0.073563
1176	traj_0001/img/image_1_2095.png	0.997336	-0.029422	-0.032854	0.058095	0.460186	-0.648936	-0.067884
1179	traj_0001/img/image_1_2098.png	0.997521	-0.029214	-0.032923	0.054905	0.412088	-0.619410	-0.059687
1182	traj_0001/img/image_1_2101.png	0.997525	-0.029721	-0.031534	0.055378	0.388520	-0.610103	-0.057681
1185	traj_0001/img/image_1_2104.png	0.997419	-0.028850	-0.031350	0.057790	0.360316	-0.585812	-0.051560
1188	traj_0001/img/image_1_2107.png	0.997360	-0.028531	-0.031104	0.059086	0.333491	-0.564795	-0.041267
1191	traj_0001/img/image_1_2110.png	0.997515	-0.028413	-0.030634	0.056721	0.301570	-0.535016	-0.025834
1194	traj_0001/img/image_1_2113.png	0.997612	-0.029584	-0.031030	0.054152	0.288477	-0.528241	-0.011114
1197	traj_0001/img/image_1_2116.png	0.996429	-0.042636	-0.038010	0.062180	0.374462	-0.670933	0.011321
1200	traj_0001/img/image_1_2119.png	0.996906	-0.043961	-0.032151	0.056680	0.356927	-0.619853	0.018077
1203	traj_0001/img/image_1_2122.png	0.998310	-0.031543	-0.022056	0.043541	0.261183	-0.441677	0.013315
1206	traj_0001/img/image_1_2125.png	0.997037	-0.035869	-0.026856	0.062530	0.352282	-0.537023	0.045346
1209	traj_0001/img/image_1_2128.png	0.997817	-0.020982	-0.019011	0.059659	0.350491	-0.500211	0.082919
1212	traj_0001/img/image_1_2131.png	0.998656	-0.011359	-0.011721	0.049195	0.364792	-0.478512	0.130966
1215	traj_0001/img/image_1_2134.png	0.999111	-0.013366	-0.006282	0.039487	0.384170	-0.445401	0.170660
1218	traj_0001/img/image_1_2137.png	0.999499	-0.011056	-0.002433	0.029550	0.419092	-0.420268	0.210708
1221	traj_0001/img/image_1_2140.png	0.999882	0.003193	-0.002016	0.014879	0.346771	-0.303332	0.188062
1224	traj_0001/img/image_1_2143.png	0.999923	0.005054	-0.001630	0.011230	0.509157	-0.371729	0.293635
1227	traj_0001/img/image_1_2146.png	0.999979	0.002563	-0.001975	0.005648	0.423687	-0.259161	0.261224
1230	traj_0001/img/image_1_2149.png	0.999974	0.002454	-0.003139	0.006084	0.459864	-0.239233	0.298058
1233	traj_0001/img/image_1_2152.png	0.999966	0.004285	-0.001878	0.006728	0.661193	-0.288891	0.436154
1236	traj_0001/img/image_1_2155.png	0.999973	0.005238	-0.000717	0.005130	0.729833	-0.261749	0.485038
1239	traj_0001/img/image_1_2158.png	0.999949	0.004023	-0.002614	0.008849	0.773914	-0.227289	0.519160
1242	traj_0001/img/image_1_2161.png	0.999740	-0.012250	-0.008457	0.017289	0.826678	-0.209415	0.559485
1245	traj_0001/img/image_1_2164.png	0.999601	-0.021811	-0.010250	0.014735	0.660828	-0.173052	0.438450
1248	traj_0001/img/image_1_2167.png	0.999646	-0.021068	-0.010687	0.012264	0.690926	-0.192780	0.438126
1251	traj_0001/img/image_1_2170.png	0.999809	-0.012558	-0.010638	0.010573	0.953539	-0.265417	0.577840
1254	traj_0001/img/image_1_2173.png	0.999981	0.001164	-0.003637	0.004803	0.752220	-0.199414	0.433621
1257	traj_0001/img/image_1_2176.png	0.999970	0.000842	-0.007083	0.002979	1.025631	-0.238169	0.584902
1260	traj_0001/img/image_1_2179.png	0.999995	0.000215	-0.003187	0.000814	0.802522	-0.159242	0.446171
1263	traj_0001/img/image_1_2182.png	0.999981	-0.006116	0.000331	-0.000818	1.088044	-0.180918	0.588253
1266	traj_0001/img/image_1_2185.png	0.999949	-0.009839	-0.001975	-0.001115	0.844530	-0.117165	0.449509
1269	traj_0001/img/image_1_2188.png	0.999991	-0.003963	-0.001073	-0.001377	1.159966	-0.130006	0.606463
1272	traj_0001/img/image_1_2191.png	0.999976	0.004808	-0.004871	-0.000413	0.864814	-0.068896	0.455311
1275	traj_0001/img/image_1_2194.png	0.999884	0.014821	-0.003614	-0.000002	0.898616	-0.042710	0.468463
1278	traj_0001/img/image_1_2197.png	0.999835	0.018150	-0.000953	0.000324	0.913797	-0.011485	0.464526
1281	traj_0001/img/image_1_2200.png	0.999877	0.015456	-0.002472	0.000306	0.926805	0.017676	0.460640
1284	traj_0001/img/image_1_2203.png	0.999813	0.019196	-0.002297	0.000668	0.920490	0.040582	0.445406
1287	traj_0001/img/image_1_2206.png	0.999763	0.020963	-0.005395	0.002123	0.949431	0.063718	0.451427
1290	traj_0001/img/image_1_2209.png	0.999835	0.017346	-0.004716	0.002693	0.959743	0.080600	0.443465
1293	traj_0001/img/image_1_2212.png	0.999975	0.004530	-0.003138	0.004406	0.970121	0.087909	0.436387
1296	traj_0001/img/image_1_2215.png	0.999933	-0.007026	-0.000113	0.009235	0.959953	0.078680	0.417621
1299	traj_0001/img/image_1_2218.png	0.999701	-0.019028	-0.000808	0.015352	0.987908	0.055139	0.420268
1302	traj_0001/img/image_1_2221.png	0.999466	-0.027642	-0.001922	0.017341	0.998400	0.011162	0.416428
1305	traj_0001/img/image_1_2224.png	0.999486	-0.026196	-0.000753	0.018470	1.006507	-0.038950	0.406272
1308	traj_0001/img/image_1_2227.png	0.998903	-0.036422	-0.001917	0.029383	1.334768	-0.108427	0.521884
1311	traj_0001/img/image_1_2230.png	0.997948	-0.047068	0.000350	0.043398	1.339817	-0.194334	0.503654
1314	traj_0001/img/image_1_2233.png	0.995975	-0.068454	-0.005091	0.057637	1.349268	-0.320527	0.486004
1317	traj_0001/img/image_1_2236.png	0.994264	-0.082737	-0.013891	0.066341	1.303389	-0.469009	0.417611
1320	traj_0001/img/image_1_2239.png	0.992548	-0.093334	-0.024849	0.074295	1.260535	-0.616419	0.333592
1323	traj_0001/img/image_1_2242.png	0.995370	-0.071179	-0.019585	0.061549	0.902560	-0.571952	0.154443
1326	traj_0001/img/image_1_2245.png	0.995371	-0.065927	-0.022686	0.066144	0.852481	-0.625781	0.093872
1329	traj_0001/img/image_1_2248.png	0.987331	-0.106490	-0.041575	0.110038	1.321920	-1.061648	0.117235
1332	traj_0001/img/image_1_2251.png	0.992847	-0.078125	-0.036289	0.082668	0.912358	-0.904773	-0.004084
1335	traj_0001/img/image_1_2254.png	0.993079	-0.073643	-0.040925	0.081826	1.047371	-1.110397	-0.045499
1338	traj_0001/img/image_1_2257.png	0.996957	-0.041749	-0.035148	0.055661	0.786985	-0.868341	-0.075292
1341	traj_0001/img/image_1_2260.png	0.996930	-0.035677	-0.037643	0.058657	0.766442	-0.813133	-0.052875
1344	traj_0001/img/image_1_2263.png	0.997991	-0.026419	-0.029290	0.049578	0.563964	-0.604776	-0.022999
1347	traj_0001/img/image_1_2266.png	0.996341	-0.036208	-0.038750	0.067018	0.738033	-0.776638	0.020352
1350	traj_0001/img/image_1_2269.png	0.997902	-0.027895	-0.029540	0.050406	0.535761	-0.596373	0.029086
1353	traj_0001/img/image_1_2272.png	0.998009	-0.027419	-0.030060	0.048195	0.513839	-0.585458	0.045647
1356	traj_0001/img/image_1_2275.png	0.996181	-0.036939	-0.045306	0.064852	0.697637	-0.788456	0.094885
1359	traj_0001/img/image_1_2278.png	0.997974	-0.025093	-0.033795	0.047719	0.500512	-0.600780	0.069246
1362	traj_0001/img/image_1_2281.png	0.996913	-0.035057	-0.040920	0.057113	0.655591	-0.789965	0.120614
1365	traj_0001/img/image_1_2284.png	0.997521	-0.035658	-0.034681	0.049780	0.642473	-0.793705	0.123737
1368	traj_0001/img/image_1_2287.png	0.998673	-0.026067	-0.026106	0.035935	0.475739	-0.605077	0.082754
1371	traj_0001/img/image_1_2290.png	0.998893	-0.022280	-0.023186	0.034341	0.470515	-0.600714	0.079832
1374	traj_0001/img/image_1_2293.png	0.999092	-0.020152	-0.019870	0.031855	0.466623	-0.596141	0.078926
1377	traj_0001/img/image_1_2296.png	0.999214	-0.022835	-0.014327	0.029077	0.453662	-0.578467	0.076507
1380	traj_0001/img/image_1_2299.png	0.998667	-0.035336	-0.010769	0.036063	0.624586	-0.768934	0.109239
1383	traj_0001/img/image_1_2302.png	0.999257	-0.024045	-0.002441	0.030027	0.619113	-0.734022	0.101149
1386	traj_0001/img/image_1_2305.png	0.999602	-0.012250	-0.000655	0.025411	0.632708	-0.702209	0.129858
1389	traj_0001/img/image_1_2308.png	0.999845	0.001807	-0.002250	0.017393	0.490764	-0.511103	0.134092
1392	traj_0001/img/image_1_2311.png	0.999822	0.003692	-0.005605	0.017620	0.504332	-0.490457	0.180771
1395	traj_0001/img/image_1_2314.png	0.999823	0.001007	-0.006722	0.017528	0.520051	-0.474298	0.226990
1398	traj_0001/img/image_1_2317.png	0.999861	0.002079	-0.007987	0.014512	0.526477	-0.452736	0.255731
1401	traj_0001/img/image_1_2320.png	0.999881	0.001830	-0.010197	0.011422	0.556160	-0.448290	0.287102
1404	traj_0001/img/image_1_2323.png	0.999815	-0.002224	-0.013901	0.013111	0.578458	-0.432863	0.306229
1407	traj_0001/img/image_1_2326.png	0.999579	-0.010654	-0.018162	0.019979	0.600813	-0.425241	0.309929
1410	traj_0001/img/image_1_2329.png	0.999309	-0.019014	-0.018170	0.026282	0.602881	-0.422842	0.291169
1413	traj_0001/img/image_1_2332.png	0.997830	-0.030513	-0.023721	0.053312	1.039484	-0.725443	0.476284
1416	traj_0001/img/image_1_2335.png	0.998847	-0.018973	-0.013445	0.041996	0.824345	-0.635775	0.345481
1419	traj_0001/img/image_1_2338.png	0.999409	-0.017356	-0.006233	0.029024	0.586667	-0.489724	0.233395
1422	traj_0001/img/image_1_2341.png	0.999347	-0.020382	-0.006364	0.029151	0.589994	-0.510255	0.223439
1425	traj_0001/img/image_1_2344.png	0.999390	-0.021487	-0.006908	0.026646	0.581044	-0.519510	0.207960
1428	traj_0001/img/image_1_2347.png	0.998531	-0.035290	-0.010509	0.039742	0.962526	-0.845055	0.335856
1431	traj_0001/img/image_1_2350.png	0.999574	-0.017749	-0.006846	0.022143	0.567652	-0.514793	0.184130
1434	traj_0001/img/image_1_2353.png	0.999615	-0.016647	-0.006881	0.021097	0.554788	-0.495474	0.179614
1437	traj_0001/img/image_1_2356.png	0.999252	-0.022877	-0.011236	0.029099	0.762746	-0.651188	0.252611
1440	traj_0001/img/image_1_2359.png	0.999456	-0.019264	-0.011685	0.024094	0.555382	-0.467041	0.176516
1443	traj_0001/img/image_1_2362.png	0.999317	-0.022214	-0.012558	0.026723	0.565716	-0.465281	0.171470
1446	traj_0001/img/image_1_2365.png	0.998385	-0.034472	-0.019630	0.040672	0.759346	-0.598255	0.217711
1449	traj_0001/img/image_1_2368.png	0.998922	-0.027818	-0.016363	0.033377	0.544703	-0.433787	0.140059
1452	traj_0001/img/image_1_2371.png	0.998783	-0.028822	-0.016695	0.036375	0.547702	-0.433581	0.128376
1455	traj_0001/img/image_1_2374.png	0.997827	-0.035693	-0.021766	0.050922	0.715109	-0.549046	0.151374
1458	traj_0001/img/image_1_2377.png	0.997501	-0.033507	-0.023686	0.057520	0.709276	-0.536656	0.137391
1461	traj_0001/img/image_1_2380.png	0.997260	-0.038372	-0.024488	0.058310	0.677390	-0.512334	0.125426
1464	traj_0001/img/image_1_2383.png	0.998201	-0.033157	-0.023140	0.044270	0.497515	-0.383445	0.075777
1467	traj_0001/img/image_1_2386.png	0.996525	-0.047313	-0.034098	0.059478	0.652841	-0.473620	0.099659
1470	traj_0001/img/image_1_2389.png	0.994343	-0.056529	-0.045273	0.077701	0.813443	-0.540592	0.137403
1473	traj_0001/img/image_1_2392.png	0.996326	-0.040469	-0.039640	0.064237	0.641099	-0.415498	0.099238
1476	traj_0001/img/image_1_2395.png	0.990769	-0.062995	-0.065457	0.100620	0.950628	-0.525265	0.200260
1479	traj_0001/img/image_1_2398.png	0.997277	-0.034700	-0.035604	0.054473	0.471792	-0.274644	0.090241
1482	traj_0001/img/image_1_2401.png	0.995156	-0.047750	-0.046490	0.072275	0.629974	-0.338981	0.145668
1485	traj_0001/img/image_1_2404.png	0.995533	-0.050322	-0.042519	0.067623	0.650983	-0.337055	0.156201
1488	traj_0001/img/image_1_2407.png	0.997861	-0.036064	-0.030264	0.045352	0.484886	-0.251151	0.108664
1491	traj_0001/img/image_1_2410.png	0.996360	-0.044234	-0.039943	0.060942	0.686254	-0.315113	0.173102
1494	traj_0001/img/image_1_2413.png	0.998299	-0.028016	-0.028067	0.042735	0.517420	-0.231319	0.133471
1497	traj_0001/img/image_1_2416.png	0.999192	-0.005125	-0.016654	0.036223	0.545763	-0.228022	0.155957
1500	traj_0001/img/image_1_2419.png	0.999450	0.026395	-0.005845	0.019204	0.567352	-0.214517	0.192300
1503	traj_0001/img/image_1_2422.png	0.998249	0.058928	-0.000017	0.005148	0.596864	-0.176937	0.242350
1506	traj_0001/img/image_1_2425.png	0.998138	0.060992	-0.000476	0.000125	0.617497	-0.116700	0.293347
1509	traj_0001/img/image_1_2428.png	0.998369	0.056262	-0.004136	-0.008788	0.664667	-0.060927	0.340281
1512	traj_0001/img/image_1_2431.png	0.998361	0.055122	-0.004631	-0.014657	0.701098	0.002299	0.368012
1515	traj_0001/img/image_1_2434.png	0.998316	0.054665	-0.004258	-0.018920	0.732169	0.067564	0.386027
1518	traj_0001/img/image_1_2437.png	0.997949	0.058330	-0.002811	-0.026214	0.740995	0.129968	0.385275
1521	traj_0001/img/image_1_2440.png	0.997434	0.061717	-0.001864	-0.036240	0.773667	0.203345	0.384974
1524	traj_0001/img/image_1_2443.png	0.997396	0.059168	-0.004975	-0.040939	0.783415	0.281837	0.362513
1527	traj_0001/img/image_1_2446.png	0.997324	0.058195	-0.007138	-0.043681	0.786611	0.354876	0.327284
1530	traj_0001/img/image_1_2449.png	0.991473	0.098973	-0.015504	-0.083333	1.312224	0.672248	0.471069
1533	traj_0001/img/image_1_2452.png	0.996681	0.061311	-0.009955	-0.052611	0.741106	0.508296	0.179411
1536	traj_0001/img/image_1_2455.png	0.993833	0.084330	-0.021994	-0.068555	0.990315	0.739772	0.181108
1539	traj_0001/img/image_1_2458.png	0.994836	0.074689	-0.028823	-0.062378	0.935901	0.769371	0.093066
1542	traj_0001/img/image_1_2461.png	0.992969	0.072132	-0.050969	-0.078818	1.142645	0.946378	0.065099
1545	traj_0001/img/image_1_2464.png	0.997382	0.038372	-0.034056	-0.050963	0.643098	0.581929	-0.015506
1548	traj_0001/img/image_1_2467.png	0.989108	0.076335	-0.062965	-0.108963	1.251823	1.065295	0.014220
1551	traj_0001/img/image_1_2470.png	0.995544	0.042505	-0.043555	-0.072027	0.757216	0.735663	-0.048016
1554	traj_0001/img/image_1_2473.png	0.996741	0.024050	-0.045905	-0.061820	0.697716	0.706833	-0.038837
1557	traj_0001/img/image_1_2476.png	0.995882	0.013841	-0.050747	-0.073840	0.848576	0.838368	0.012099
1560	traj_0001/img/image_1_2479.png	0.998655	0.008966	-0.025369	-0.044326	0.481564	0.504441	0.032471
1563	traj_0001/img/image_1_2482.png	0.997791	0.020635	-0.023255	-0.058706	0.628058	0.647946	0.081968
1566	traj_0001/img/image_1_2485.png	0.998068	0.021722	-0.018495	-0.055186	0.609895	0.643566	0.112976
1569	traj_0001/img/image_1_2488.png	0.998052	0.027854	-0.015492	-0.053638	0.604879	0.647638	0.155496
1572	traj_0001/img/image_1_2491.png	0.998992	0.020016	-0.011221	-0.038570	0.440193	0.485798	0.136398
1575	traj_0001/img/image_1_2494.png	0.998228	0.026549	-0.013851	-0.051415	0.585014	0.626408	0.215083
1578	traj_0001/img/image_1_2497.png	0.998262	0.030646	-0.016774	-0.047458	0.579300	0.624181	0.247218
1581	traj_0001/img/image_1_2500.png	0.999013	0.025747	-0.012003	-0.034134	0.434314	0.475446	0.200802
1584	traj_0001/img/image_1_2503.png	0.998984	0.027936	-0.010673	-0.033726	0.434917	0.471024	0.216720
1587	traj_0001/img/image_1_2506.png	0.997932	0.040444	-0.013262	-0.048166	0.582202	0.604974	0.315063
1590	traj_0001/img/image_1_2509.png	0.997782	0.040903	-0.013754	-0.050679	0.582167	0.599740	0.327724
1593	traj_0001/img/image_1_2512.png	0.997548	0.038240	-0.015081	-0.056648	0.588912	0.604219	0.334455
1596	traj_0001/img/image_1_2515.png	0.998498	0.027016	-0.011061	-0.046358	0.428909	0.460121	0.239096
1599	traj_0001/img/image_1_2518.png	0.995843	0.044212	-0.018266	-0.077518	0.720155	0.738534	0.410706
1602	traj_0001/img/image_1_2521.png	0.996263	0.045015	-0.019757	-0.071019	0.700895	0.736165	0.398966
1605	traj_0001/img/image_1_2524.png	0.998583	0.025422	-0.013882	-0.044649	0.564049	0.611096	0.308864
1608	traj_0001/img/image_1_2527.png	0.999290	0.018987	-0.010614	-0.030769	0.426510	0.449382	0.227833
1611	traj_0001/img/image_1_2530.png	0.999373	0.017997	-0.011375	-0.028287	0.429544	0.429450	0.224693
1614	traj_0001/img/image_1_2533.png	0.997219	0.050705	-0.026431	-0.047794	0.934390	0.806269	0.506822
1617	traj_0001/img/image_1_2536.png	0.999333	0.025338	-0.013086	-0.022815	0.486892	0.400232	0.243275
1620	traj_0001/img/image_1_2539.png	0.998605	0.036406	-0.019075	-0.033138	0.850566	0.611201	0.416874
1623	traj_0001/img/image_1_2542.png	0.999838	-0.001197	-0.011576	-0.013731	0.891598	0.550615	0.418633
1626	traj_0001/img/image_1_2545.png	0.999976	-0.005461	-0.002639	-0.003410	0.578431	0.287434	0.290590
1629	traj_0001/img/image_1_2548.png	0.999985	-0.003611	-0.001584	-0.003681	0.604813	0.244816	0.323800
1632	traj_0001/img/image_1_2551.png	0.999686	0.004173	-0.008326	-0.023266	1.060378	0.318538	0.590153
1635	traj_0001/img/image_1_2554.png	0.996206	0.053913	-0.013150	-0.067032	1.128748	0.265921	0.621977
1638	traj_0001/img/image_1_2557.png	0.996513	0.041536	-0.012518	-0.071268	0.922827	0.296242	0.477625
1641	traj_0001/img/image_1_2560.png	0.996375	0.042981	-0.011319	-0.072542	1.175309	0.475574	0.585272
1644	traj_0001/img/image_1_2563.png	0.999760	-0.001025	0.001367	-0.021856	0.937628	0.466354	0.457957
1647	traj_0001/img/image_1_2566.png	0.999942	-0.010616	0.000701	0.001631	0.731628	0.338657	0.378646
1650	traj_0001/img/image_1_2569.png	0.999561	-0.027464	0.000989	0.011029	0.766831	0.289936	0.393718
1653	traj_0001/img/image_1_2572.png	0.999215	-0.033715	0.000547	0.020771	0.805269	0.220511	0.409138
1656	traj_0001/img/image_1_2575.png	0.998670	-0.041212	-0.001897	0.030938	0.844031	0.133461	0.427825
1659	traj_0001/img/image_1_2578.png	0.996602	-0.065667	-0.009788	0.048751	1.164942	0.029777	0.592005
1662	traj_0001/img/image_1_2581.png	0.992969	-0.100221	-0.011824	0.061871	1.523921	-0.226691	0.743128
1665	traj_0001/img/image_1_2584.png	0.994770	-0.090008	-0.009363	0.047372	1.227499	-0.436062	0.520052
1668	traj_0001/img/image_1_2587.png	0.996818	-0.069629	-0.008796	0.037797	0.920832	-0.459189	0.328087
1671	traj_0001/img/image_1_2590.png	0.997380	-0.061384	-0.006565	0.037698	0.904100	-0.535339	0.276123
1674	traj_0001/img/image_1_2593.png	0.997195	-0.059036	-0.003767	0.045862	1.170592	-0.768506	0.310970
1677	traj_0001/img/image_1_2596.png	0.998922	-0.031582	-0.001807	0.033968	0.858397	-0.630969	0.196912
1680	traj_0001/img/image_1_2599.png	0.999025	-0.024733	-0.001746	0.036520	0.823092	-0.638170	0.187154
1683	traj_0001/img/image_1_2602.png	0.998884	-0.024742	-0.004443	0.039990	0.817948	-0.670359	0.201052
1686	traj_0001/img/image_1_2605.png	0.998770	-0.024665	-0.007215	0.042410	0.793759	-0.693174	0.210748
1689	traj_0001/img/image_1_2608.png	0.998627	-0.027776	-0.009680	0.043340	0.766526	-0.717803	0.218060
1692	traj_0001/img/image_1_2611.png	0.998476	-0.030322	-0.012230	0.044457	0.739327	-0.742499	0.216098
1695	traj_0001/img/image_1_2614.png	0.998505	-0.030797	-0.013549	0.043081	0.699350	-0.752127	0.206799
1698	traj_0001/img/image_1_2617.png	0.995632	-0.050569	-0.029220	0.072842	1.158353	-1.272067	0.379880
1701	traj_0001/img/image_1_2620.png	0.998531	-0.028061	-0.019292	0.042152	0.639146	-0.809249	0.192511
1704	traj_0001/img/image_1_2623.png	0.996019	-0.049252	-0.032382	0.066866	1.034547	-1.326047	0.332147
1707	traj_0001/img/image_1_2626.png	0.998522	-0.029548	-0.020602	0.040689	0.575414	-0.822354	0.153805
1710	traj_0001/img/image_1_2629.png	0.998419	-0.030969	-0.019080	0.042862	0.539509	-0.804989	0.136127
1713	traj_0001/img/image_1_2632.png	0.998362	-0.029425	-0.020595	0.044538	0.520193	-0.819016	0.126458
1716	traj_0001/img/image_1_2635.png	0.998500	-0.029689	-0.016513	0.042948	0.487471	-0.815347	0.113749
1719	traj_0001/img/image_1_2638.png	0.997681	-0.037467	-0.018535	0.053723	0.613515	-1.052829	0.143083
1722	traj_0001/img/image_1_2641.png	0.994047	-0.058245	-0.029970	0.087068	0.891449	-1.518317	0.226695
1725	traj_0001/img/image_1_2644.png	0.998271	-0.030888	-0.017112	0.046982	0.376091	-0.756343	0.080960
1728	traj_0001/img/image_1_2647.png	0.997025	-0.041214	-0.023148	0.060889	0.466978	-0.963085	0.117293
1731	traj_0001/img/image_1_2650.png	0.997695	-0.038471	-0.020697	0.051933	0.427055	-0.930887	0.108373
1734	traj_0001/img/image_1_2653.png	0.998846	-0.029572	-0.013670	0.035276	0.303378	-0.681443	0.067480
1737	traj_0001/img/image_1_2656.png	0.999024	-0.027919	-0.012199	0.031977	0.300579	-0.653696	0.061536
1740	traj_0001/img/image_1_2659.png	0.999309	-0.022654	-0.010289	0.027608	0.304770	-0.623202	0.061917
1743	traj_0001/img/image_1_2662.png	0.999723	-0.013067	-0.006157	0.018591	0.308068	-0.581628	0.065446
1746	traj_0001/img/image_1_2665.png	0.999914	-0.005251	-0.003099	0.011595	0.334830	-0.560353	0.079746
1749	traj_0001/img/image_1_2668.png	0.999952	0.006061	-0.000442	0.007625	0.490659	-0.682298	0.143934
1752	traj_0001/img/image_1_2671.png	0.999684	0.024968	-0.002475	-0.001492	0.561154	-0.624461	0.213925
1755	traj_0001/img/image_1_2674.png	0.999712	0.023863	-0.002207	-0.001563	0.455057	-0.404820	0.211280
1758	traj_0001/img/image_1_2677.png	0.999630	0.027082	-0.001313	0.001941	0.679407	-0.490758	0.360295
1761	traj_0001/img/image_1_2680.png	0.999811	0.015418	-0.001041	0.011774	0.725850	-0.423504	0.429649
1764	traj_0001/img/image_1_2683.png	0.999639	0.012718	-0.003013	0.023471	0.977409	-0.490186	0.637904
1767	traj_0001/img/image_1_2686.png	0.999745	0.003544	-0.013962	0.017363	0.818870	-0.384476	0.582379
1770	traj_0001/img/image_1_2689.png	0.999875	0.000190	-0.012840	0.009266	0.653731	-0.296460	0.458693
1773	traj_0001/img/image_1_2692.png	0.999578	-0.006347	-0.026390	0.010307	1.383513	-0.584360	0.949861
1776	traj_0001/img/image_1_2695.png	0.999555	-0.021129	-0.020812	0.003274	1.228796	-0.484525	0.759049
1779	traj_0001/img/image_1_2698.png	0.999582	-0.027045	-0.006123	0.008130	1.022758	-0.387190	0.559234
1782	traj_0001/img/image_1_2701.png	0.999356	-0.029969	-0.001960	0.019624	1.042161	-0.397391	0.544011
1785	traj_0001/img/image_1_2704.png	0.999502	-0.025899	-0.003335	0.017736	0.791895	-0.328886	0.405301
1788	traj_0001/img/image_1_2707.png	0.999378	-0.028902	-0.005991	0.019313	0.793999	-0.349225	0.394700
1791	traj_0001/img/image_1_2710.png	0.999318	-0.030156	-0.009129	0.019247	0.796429	-0.369849	0.371968
1794	traj_0001/img/image_1_2713.png	0.998745	-0.040299	-0.014759	0.025832	1.060521	-0.500290	0.460201
1797	traj_0001/img/image_1_2716.png	0.998532	-0.040408	-0.017051	0.031775	1.067217	-0.515816	0.413737
1800	traj_0001/img/image_1_2719.png	0.998905	-0.033850	-0.015631	0.028255	0.804057	-0.410515	0.275296
1803	traj_0001/img/image_1_2722.png	0.997943	-0.046163	-0.019931	0.039780	1.055767	-0.544913	0.324178
1806	traj_0001/img/image_1_2725.png	0.998862	-0.032706	-0.014454	0.031568	0.787316	-0.430216	0.198810
1809	traj_0001/img/image_1_2728.png	0.999057	-0.025924	-0.010844	0.033087	0.776795	-0.430655	0.168693
1812	traj_0001/img/image_1_2731.png	0.999147	-0.020741	-0.009690	0.034366	0.766108	-0.428511	0.150422
1815	traj_0001/img/image_1_2734.png	0.998900	-0.024324	-0.012362	0.038141	0.756893	-0.424976	0.141156
1818	traj_0001/img/image_1_2737.png	0.998578	-0.029593	-0.014299	0.041978	0.730740	-0.417341	0.129769
1821	traj_0001/img/image_1_2740.png	0.998303	-0.033134	-0.015803	0.045200	0.733227	-0.431057	0.121733
1824	traj_0001/img/image_1_2743.png	0.998154	-0.035344	-0.016834	0.046426	0.720640	-0.438274	0.107212
1827	traj_0001/img/image_1_2746.png	0.998037	-0.037627	-0.018060	0.046683	0.709641	-0.445338	0.091012
1830	traj_0001/img/image_1_2749.png	0.997002	-0.046926	-0.025309	0.056072	0.931164	-0.580234	0.109227
1833	traj_0001/img/image_1_2752.png	0.998416	-0.026161	-0.021465	0.044949	0.925528	-0.573853	0.099021
1836	traj_0001/img/image_1_2755.png	0.999080	0.008860	-0.016749	0.038470	1.187255	-0.674090	0.176490
1839	traj_0001/img/image_1_2758.png	0.999714	0.003933	-0.016905	0.016433	1.237788	-0.614702	0.323306
1842	traj_0001/img/image_1_2761.png	0.999951	0.000434	-0.009875	0.000776	1.041084	-0.422202	0.355084
1845	traj_0001/img/image_1_2764.png	0.999980	0.001298	-0.004961	-0.003579	0.828252	-0.265822	0.324322
1848	traj_0001/img/image_1_2767.png	0.999363	0.028655	-0.006576	-0.020225	1.156725	-0.274124	0.506550
1851	traj_0001/img/image_1_2770.png	0.996248	0.072863	0.001543	-0.046674	1.488774	-0.138276	0.690763
1854	traj_0001/img/image_1_2773.png	0.997646	0.059360	0.001558	-0.034295	0.933030	0.108344	0.437492
1857	traj_0001/img/image_1_2776.png	0.997364	0.063469	0.000897	-0.035148	0.935745	0.244634	0.419751
1860	traj_0001/img/image_1_2779.png	0.994815	0.093416	-0.002217	-0.040137	1.226988	0.490600	0.517363
1863	traj_0001/img/image_1_2782.png	0.996634	0.076298	-0.000692	-0.029989	0.909931	0.503542	0.329882
1866	traj_0001/img/image_1_2785.png	0.988835	0.132956	-0.000894	-0.067291	1.486149	0.936969	0.468311
1869	traj_0001/img/image_1_2788.png	0.995065	0.081067	-0.002547	-0.057154	0.833916	0.676150	0.158604
1872	traj_0001/img/image_1_2791.png	0.994609	0.079480	-0.003171	-0.066523	0.776371	0.726047	0.075148
1875	traj_0001/img/image_1_2794.png	0.986690	0.126784	-0.024049	-0.098942	1.174242	1.206585	0.033926
1878	traj_0001/img/image_1_2797.png	0.996059	0.064137	-0.021725	-0.057277	0.609701	0.745506	-0.094321
1881	traj_0001/img/image_1_2800.png	0.994560	0.061711	-0.031817	-0.077657	0.760108	0.932894	-0.135845
1884	traj_0001/img/image_1_2803.png	0.995992	0.041472	-0.030711	-0.073047	0.674867	0.862221	-0.118912
1887	traj_0001/img/image_1_2806.png	0.995028	0.024258	-0.038236	-0.088707	0.791051	1.001382	-0.057113
1890	traj_0001/img/image_1_2809.png	0.997130	0.008259	-0.026165	-0.070561	0.576737	0.769213	0.031598
1893	traj_0001/img/image_1_2812.png	0.998399	0.016121	-0.022117	-0.049511	0.413305	0.581178	0.077783
1896	traj_0001/img/image_1_2815.png	0.997188	0.040791	-0.023746	-0.058215	0.544947	0.750821	0.165748
1899	traj_0001/img/image_1_2818.png	0.997249	0.045846	-0.020493	-0.054515	0.552534	0.751271	0.207737
1902	traj_0001/img/image_1_2821.png	0.995982	0.058176	-0.027055	-0.062481	0.709493	0.902044	0.320244
1905	traj_0001/img/image_1_2824.png	0.997665	0.040895	-0.030134	-0.045652	0.572740	0.716523	0.280421
1908	traj_0001/img/image_1_2827.png	0.997602	0.037424	-0.027581	-0.051266	0.592233	0.701354	0.306419
1911	traj_0001/img/image_1_2830.png	0.997109	0.042029	-0.025674	-0.057864	0.610716	0.707071	0.325557
1914	traj_0001/img/image_1_2833.png	0.995588	0.052864	-0.023079	-0.074014	0.763300	0.871950	0.412491
1917	traj_0001/img/image_1_2836.png	0.998507	0.030331	-0.012361	-0.043724	0.430630	0.541480	0.219857
1920	traj_0001/img/image_1_2839.png	0.997471	0.039786	-0.019074	-0.055721	0.592192	0.731711	0.304666
1923	traj_0001/img/image_1_2842.png	0.998899	0.025725	-0.014382	-0.036509	0.425069	0.543214	0.210279
1926	traj_0001/img/image_1_2845.png	0.998108	0.036508	-0.019780	-0.045347	0.589268	0.728099	0.290937
1929	traj_0001/img/image_1_2848.png	0.999024	0.027915	-0.014837	-0.030839	0.439589	0.542287	0.206663
1932	traj_0001/img/image_1_2851.png	0.999114	0.028229	-0.014002	-0.027890	0.435989	0.523558	0.203250
1935	traj_0001/img/image_1_2854.png	0.998130	0.043061	-0.019575	-0.038707	0.614432	0.686222	0.284176
1938	traj_0001/img/image_1_2857.png	0.998949	0.032117	-0.012752	-0.030101	0.455476	0.493767	0.191960
1941	traj_0001/img/image_1_2860.png	0.997018	0.052829	-0.021402	-0.052030	0.799500	0.780936	0.339474
1944	traj_0001/img/image_1_2863.png	0.999035	0.027183	-0.014126	-0.031472	0.482848	0.463563	0.188440
1947	traj_0001/img/image_1_2866.png	0.998540	0.029374	-0.013902	-0.043137	0.658099	0.577443	0.266875
1950	traj_0001/img/image_1_2869.png	0.998410	0.030729	-0.016379	-0.044336	0.680721	0.561423	0.286326
1953	traj_0001/img/image_1_2872.png	0.998613	0.030749	-0.015893	-0.039681	0.685487	0.533004	0.301785
1956	traj_0001/img/image_1_2875.png	0.999275	0.020585	-0.013224	-0.029179	0.528936	0.395484	0.235335
1959	traj_0001/img/image_1_2878.png	0.999228	0.021122	-0.013042	-0.030441	0.543339	0.382153	0.244606
1962	traj_0001/img/image_1_2881.png	0.999087	0.027319	-0.012586	-0.030347	0.548640	0.364683	0.249798
1965	traj_0001/img/image_1_2884.png	0.998554	0.033997	-0.021170	-0.035873	0.779350	0.476082	0.364117
1968	traj_0001/img/image_1_2887.png	0.998579	0.007926	-0.035943	-0.038543	1.219884	0.637557	0.602578
1971	traj_0001/img/image_1_2890.png	0.999795	-0.011576	-0.016615	-0.000871	0.653055	0.301217	0.321290
1974	traj_0001/img/image_1_2893.png	0.998841	-0.038565	-0.019311	0.021382	0.909848	0.322339	0.462522
1977	traj_0001/img/image_1_2896.png	0.998630	-0.040273	-0.012285	0.031084	0.734156	0.143393	0.376708
1980	traj_0001/img/image_1_2899.png	0.997746	-0.047571	-0.012881	0.045545	0.764177	0.038501	0.391501
1983	traj_0001/img/image_1_2902.png	0.996694	-0.055508	-0.011726	0.058166	0.781110	-0.088420	0.387223
1986	traj_0001/img/image_1_2905.png	0.995813	-0.065277	-0.011494	0.062951	0.760736	-0.227671	0.357787
1989	traj_0001/img/image_1_2908.png	0.995071	-0.073904	-0.011953	0.065039	0.749543	-0.373729	0.322990
1992	traj_0001/img/image_1_2911.png	0.995202	-0.072963	-0.012294	0.064009	0.701806	-0.495550	0.248739
1995	traj_0001/img/image_1_2914.png	0.995920	-0.063087	-0.008835	0.063914	0.641523	-0.581681	0.162728
1998	traj_0001/img/image_1_2917.png	0.996626	-0.050045	-0.005962	0.064784	0.562316	-0.621751	0.089268
2001	traj_0001/img/image_1_2920.png	0.996831	-0.041823	-0.005028	0.067478	0.500811	-0.660903	0.046230
2004	traj_0001/img/image_1_2923.png	0.997198	-0.030577	-0.004771	0.068104	0.426509	-0.670687	0.019257
2007	traj_0001/img/image_1_2926.png	0.996012	-0.018653	-0.000201	0.087243	0.473720	-0.869053	0.020833
2010	traj_0001/img/image_1_2929.png	0.996687	0.000709	0.000274	0.081329	0.378533	-0.864656	0.038127
2013	traj_0001/img/image_1_2932.png	0.998501	0.000441	-0.000190	0.054725	0.215407	-0.623924	0.047044
2016	traj_0001/img/image_1_2935.png	0.997406	-0.013061	-0.000198	0.070790	0.263937	-0.828918	0.083725
2019	traj_0001/img/image_1_2938.png	0.998603	-0.019799	-0.000679	0.048990	0.159823	-0.608658	0.064018
2022	traj_0001/img/image_1_2941.png	0.998752	-0.026388	-0.001652	0.042374	0.143301	-0.585489	0.052880
2025	traj_0001/img/image_1_2944.png	0.998136	-0.035524	-0.003150	0.049520	0.204210	-0.774295	0.040959
2028	traj_0001/img/image_1_2947.png	0.999079	-0.024892	0.000111	0.034955	0.148530	-0.547679	-0.003195
2031	traj_0001/img/image_1_2950.png	0.999054	-0.027998	-0.000620	0.033268	0.160919	-0.539737	-0.017435
2034	traj_0001/img/image_1_2953.png	0.999122	-0.029527	-0.001969	0.029651	0.175418	-0.519238	-0.027275
2037	traj_0001/img/image_1_2956.png	0.999284	-0.027854	-0.002626	0.025462	0.194045	-0.496475	-0.033530
2040	traj_0001/img/image_1_2959.png	0.999085	-0.031634	-0.004485	0.028416	0.295400	-0.613682	-0.040369
2043	traj_0001/img/image_1_2962.png	0.999643	-0.018693	-0.003822	0.018678	0.252872	-0.435877	-0.035384
2046	traj_0001/img/image_1_2965.png	0.999799	-0.008180	-0.003658	0.017928	0.278205	-0.402590	-0.033690
2049	traj_0001/img/image_1_2968.png	0.999625	0.000296	-0.009496	0.025687	0.432893	-0.514651	-0.020446
2052	traj_0001/img/image_1_2971.png	0.999707	0.001137	-0.012866	0.020461	0.356797	-0.368532	0.019697
2055	traj_0001/img/image_1_2974.png	0.999704	0.001424	-0.014908	0.019151	0.375628	-0.351275	0.050653
2058	traj_0001/img/image_1_2977.png	0.999772	-0.002270	-0.010954	0.018189	0.408062	-0.351507	0.073810
2061	traj_0001/img/image_1_2980.png	0.999739	-0.008680	-0.010128	0.018554	0.432789	-0.346463	0.088886
2064	traj_0001/img/image_1_2983.png	0.999654	-0.010887	-0.012154	0.020614	0.455000	-0.343269	0.100217
2067	traj_0001/img/image_1_2986.png	0.999615	-0.011938	-0.011998	0.021996	0.466367	-0.336683	0.106420
2070	traj_0001/img/image_1_2989.png	0.999547	-0.010654	-0.013595	0.024652	0.492512	-0.345732	0.120261
2073	traj_0001/img/image_1_2992.png	0.999539	-0.009762	-0.013047	0.025636	0.506340	-0.353597	0.130737
2076	traj_0001/img/image_1_2995.png	0.999545	-0.009792	-0.012010	0.025877	0.516230	-0.362628	0.142493
2079	traj_0001/img/image_1_2998.png	0.999177	-0.017056	-0.015415	0.033426	0.692889	-0.485315	0.212313
2082	traj_0001/img/image_1_3001.png	0.998912	-0.026055	-0.015775	0.035306	0.698087	-0.500733	0.231999
2085	traj_0001/img/image_1_3004.png	0.999220	-0.023917	-0.013214	0.028500	0.525468	-0.397409	0.185006
2088	traj_0001/img/image_1_3007.png	0.999289	-0.022934	-0.009336	0.028439	0.523768	-0.409164	0.192027
2091	traj_0001/img/image_1_3010.png	0.999466	-0.015806	-0.005849	0.027983	0.517649	-0.415501	0.200636
2094	traj_0001/img/image_1_3013.png	0.999142	-0.022239	-0.001782	0.034903	0.676984	-0.547053	0.286724
2097	traj_0001/img/image_1_3016.png	0.999323	-0.024724	0.001338	0.027205	0.503400	-0.423073	0.221888
2100	traj_0001/img/image_1_3019.png	0.999293	-0.024001	-0.000536	0.028933	0.500188	-0.427270	0.219117
2103	traj_0001/img/image_1_3022.png	0.999334	-0.020089	-0.000043	0.030453	0.486384	-0.419422	0.206493
2106	traj_0001/img/image_1_3025.png	0.999022	-0.023247	-0.006178	0.037103	0.493961	-0.427107	0.214208
2109	traj_0001/img/image_1_3028.png	0.997552	-0.042975	-0.012118	0.053820	0.651178	-0.563099	0.291396
2112	traj_0001/img/image_1_3031.png	0.997219	-0.049739	-0.013051	0.053944	0.651189	-0.587937	0.282212
2115	traj_0001/img/image_1_3034.png	0.997353	-0.051907	-0.015257	0.048571	0.631245	-0.586668	0.249616
2118	traj_0001/img/image_1_3037.png	0.995785	-0.065252	-0.020073	0.061248	0.801531	-0.711248	0.267385
2121	traj_0001/img/image_1_3040.png	0.995053	-0.068774	-0.022486	0.068078	0.805587	-0.679118	0.210687
2124	traj_0001/img/image_1_3043.png	0.998035	-0.043722	-0.013168	0.042913	0.477711	-0.409097	0.090471
2127	traj_0001/img/image_1_3046.png	0.998357	-0.037401	-0.012101	0.041681	0.469994	-0.387265	0.071056
2130	traj_0001/img/image_1_3049.png	0.996207	-0.048632	-0.021723	0.068805	0.829457	-0.594156	0.120811
2133	traj_0001/img/image_1_3052.png	0.997178	-0.030867	-0.027330	0.062736	0.866340	-0.552085	0.129610
2136	traj_0001/img/image_1_3055.png	0.998906	-0.012891	-0.024278	0.037844	0.538828	-0.325692	0.092123
2139	traj_0001/img/image_1_3058.png	0.998761	-0.007455	-0.028418	0.040157	0.560164	-0.315188	0.109283
2142	traj_0001/img/image_1_3061.png	0.998548	-0.004658	-0.033963	0.041552	0.579280	-0.311767	0.130535
2145	traj_0001/img/image_1_3064.png	0.997349	-0.006232	-0.047477	0.054785	0.795365	-0.409038	0.197120
2148	traj_0001/img/image_1_3067.png	0.998670	-0.008267	-0.031171	0.040215	0.616910	-0.332487	0.143368
2151	traj_0001/img/image_1_3070.png	0.998798	-0.009971	-0.028624	0.038523	0.615264	-0.342157	0.133804
2154	traj_0001/img/image_1_3073.png	0.998861	-0.010506	-0.024009	0.039863	0.634099	-0.366298	0.126992
2157	traj_0001/img/image_1_3076.png	0.998215	-0.016765	-0.019830	0.053782	0.855801	-0.510450	0.165324
2160	traj_0001/img/image_1_3079.png	0.999047	-0.015299	-0.008583	0.039955	0.617200	-0.407451	0.118362
2163	traj_0001/img/image_1_3082.png	0.999015	-0.013806	-0.008456	0.041326	0.624147	-0.438025	0.127977
2166	traj_0001/img/image_1_3085.png	0.998349	-0.019754	-0.010942	0.052819	0.817480	-0.604836	0.190388
2169	traj_0001/img/image_1_3088.png	0.999184	-0.014450	-0.006926	0.037074	0.600706	-0.492869	0.154396
2172	traj_0001/img/image_1_3091.png	0.999310	-0.014659	-0.006304	0.033537	0.592028	-0.511532	0.162634
2175	traj_0001/img/image_1_3094.png	0.998975	-0.018400	-0.007647	0.040651	0.780636	-0.689017	0.218180
2178	traj_0001/img/image_1_3097.png	0.998940	-0.021399	-0.007666	0.040027	0.786907	-0.719110	0.223814
2181	traj_0001/img/image_1_3100.png	0.998214	-0.029008	-0.009966	0.051258	0.974127	-0.903907	0.295805
2184	traj_0001/img/image_1_3103.png	0.998935	-0.020919	-0.007008	0.040528	0.758110	-0.748092	0.238515
2187	traj_0001/img/image_1_3106.png	0.999023	-0.016983	-0.006451	0.040288	0.747046	-0.762843	0.238707
2190	traj_0001/img/image_1_3109.png	0.998984	-0.016964	-0.007075	0.041141	0.747407	-0.788351	0.246165
2193	traj_0001/img/image_1_3112.png	0.999426	-0.012941	-0.005234	0.030856	0.533184	-0.593707	0.177019
2196	traj_0001/img/image_1_3115.png	0.998990	-0.015267	-0.006383	0.041767	0.725572	-0.817125	0.252952
2199	traj_0001/img/image_1_3118.png	0.999384	-0.015959	-0.004313	0.030959	0.514489	-0.613764	0.187106
2202	traj_0001/img/image_1_3121.png	0.998945	-0.020827	-0.007202	0.040290	0.696920	-0.842213	0.260620
2205	traj_0001/img/image_1_3124.png	0.999355	-0.019995	-0.004381	0.029492	0.503345	-0.642323	0.187058
2208	traj_0001/img/image_1_3127.png	0.999345	-0.021243	-0.004121	0.029016	0.486439	-0.635188	0.176498
2211	traj_0001/img/image_1_3130.png	0.998843	-0.027196	-0.002729	0.039561	0.661386	-0.864239	0.234712
2214	traj_0001/img/image_1_3133.png	0.999335	-0.020111	-0.002331	0.030335	0.468509	-0.638967	0.158806
2217	traj_0001/img/image_1_3136.png	0.999267	-0.021241	-0.002227	0.031775	0.469925	-0.651432	0.157958
2220	traj_0001/img/image_1_3139.png	0.999212	-0.022111	-0.002543	0.032866	0.461218	-0.650633	0.156065
